record_date,transportation,electricity,food,total_emission,day_of_week,month,day_of_month,is_weekend,emission_lag_1,emission_lag_7,emission_lag_14,emission_rolling_7,emission_rolling_30,time_idx,dataset
2021-01-31,2802.63,3592.05,4905.87,11300.55,6,1,31,1,11294.87,11256.48,11179.44,11252.744285714285,11242.172333333332,0,TRAIN
2021-02-01,2819.5,3588.01,4861.84,11269.35,0,2,1,0,11300.55,11237.01,11269.83,11259.039999999999,11244.034000000001,1,TRAIN
2021-02-02,2812.27,3593.11,4843.95,11249.33,1,2,2,0,11269.35,11230.32,11209.7,11263.66,11244.997333333333,2,TRAIN
2021-02-03,2802.06,3570.84,4842.16,11215.06,2,2,3,0,11249.33,11189.55,11241.09,11266.375714285716,11245.016333333335,3,TRAIN
2021-02-04,2794.48,3594.88,4851.53,11240.89,3,2,4,0,11215.06,11325.18,11303.63,11270.02,11243.679333333333,4,TRAIN
2021-02-05,2804.34,3575.06,4822.22,11201.62,4,2,5,0,11240.89,11235.8,11231.46,11257.978571428572,11245.695,5,TRAIN
2021-02-06,2821.53,3600.26,4877.17,11298.96,5,2,6,1,11201.62,11294.87,11227.54,11253.095714285713,11243.753666666667,6,TRAIN
2021-02-07,2789.8,3572.66,4847.51,11209.97,6,2,7,1,11298.96,11300.55,11256.48,11253.680000000002,11247.005333333333,7,TRAIN
2021-02-08,2806.82,3599.88,4893.19,11299.89,0,2,8,0,11209.97,11269.35,11237.01,11240.74,11246.564666666667,8,TRAIN
2021-02-09,2822.98,3607.19,4844.3,11274.47,1,2,9,0,11299.89,11249.33,11230.32,11245.102857142858,11248.737666666664,9,TRAIN
2021-02-10,2788.41,3574.78,4892.74,11255.93,2,2,10,0,11274.47,11215.06,11189.55,11248.694285714284,11251.522,10,TRAIN
2021-02-11,2833.01,3570.38,4799.83,11203.22,3,2,11,0,11255.93,11240.89,11325.18,11254.532857142856,11251.982333333332,11,TRAIN
2021-02-12,2812.68,3574.95,4854.26,11241.89,4,2,12,0,11203.22,11201.62,11235.8,11249.151428571427,11248.024999999998,12,TRAIN
2021-02-13,2840.86,3579.21,4869.39,11289.46,5,2,13,1,11241.89,11298.96,11294.87,11254.904285714287,11246.733666666667,13,TRAIN
2021-02-14,2807.03,3574.78,4810.15,11191.96,6,2,14,1,11289.46,11209.97,11300.55,11253.547142857142,11249.204666666667,14,TRAIN
2021-02-15,2809.7,3587.11,4822.64,11219.45,0,2,15,0,11191.96,11299.89,11269.35,11250.974285714285,11246.720999999998,15,TRAIN
2021-02-16,2810.64,3589.72,4861.78,11262.14,1,2,16,0,11219.45,11274.47,11249.33,11239.482857142855,11246.463333333331,16,TRAIN
2021-02-17,2832.36,3585.76,4865.19,11283.31,2,2,17,0,11262.14,11255.93,11215.06,11237.721428571429,11249.22,17,TRAIN
2021-02-18,2810.49,3593.66,4825.39,11229.54,3,2,18,0,11283.31,11203.22,11240.89,11241.632857142857,11249.669333333333,18,TRAIN
2021-02-19,2825.42,3553.89,4872.47,11251.78,4,2,19,0,11229.54,11241.89,11201.62,11245.392857142857,11250.330666666667,19,TRAIN
2021-02-20,2830.46,3548.82,4841.12,11220.4,5,2,20,1,11251.78,11289.46,11298.96,11246.805714285714,11250.687,20,TRAIN
2021-02-21,2792.27,3552.19,4879.69,11224.15,6,2,21,1,11220.4,11191.96,11209.97,11236.94,11247.912666666667,21,TRAIN
2021-02-22,2804.44,3561.25,4915.31,11281.0,0,2,22,0,11224.15,11219.45,11299.89,11241.53857142857,11247.669,22,TRAIN
2021-02-23,2819.89,3551.17,4872.69,11243.75,1,2,23,0,11281.0,11262.14,11274.47,11250.33142857143,11249.451,23,TRAIN
2021-02-24,2799.74,3595.76,4875.97,11271.47,2,2,24,0,11243.75,11283.31,11255.93,11247.704285714284,11249.026666666667,24,TRAIN
2021-02-25,2812.67,3617.81,4863.89,11294.37,3,2,25,0,11271.47,11229.54,11203.22,11246.012857142856,11250.175333333334,25,TRAIN
2021-02-26,2827.03,3572.91,4843.68,11243.62,4,2,26,0,11294.37,11251.78,11241.89,11255.274285714286,11252.310333333333,26,TRAIN
2021-02-27,2813.77,3568.45,4862.3,11244.52,5,2,27,1,11243.62,11220.4,11289.46,11254.108571428571,11254.112666666666,27,TRAIN
2021-02-28,2804.3,3580.24,4884.4,11268.94,6,2,28,1,11244.52,11224.15,11191.96,11257.554285714286,11251.423999999999,28,TRAIN
2021-03-01,2802.71,4119.42,4888.47,11810.6,0,3,1,0,11268.94,11281.0,11219.45,11263.952857142858,11252.528666666667,29,TRAIN
2021-03-02,2822.97,4119.34,4857.18,11799.49,1,3,2,0,11810.6,11243.75,11262.14,11339.61,11269.719666666668,30,TRAIN
2021-03-03,2813.0,4089.39,4823.38,11725.77,2,3,3,0,11799.49,11271.47,11283.31,11419.001428571428,11286.350999999999,31,TRAIN
2021-03-04,2811.72,4080.76,4863.29,11755.77,3,3,4,0,11725.77,11294.37,11229.54,11483.901428571431,11301.565,32,TRAIN
2021-03-05,2817.26,4131.74,4860.65,11809.65,4,3,5,0,11755.77,11243.62,11251.78,11549.815714285713,11318.446333333331,33,TRAIN
2021-03-06,2816.3,4110.63,4837.88,11764.81,5,3,6,1,11809.65,11244.52,11220.4,11630.677142857143,11338.266,34,TRAIN
2021-03-07,2831.24,4103.61,4863.18,11798.03,6,3,7,1,11764.81,11268.94,11224.15,11705.004285714285,11355.730000000001,35,TRAIN
2021-03-08,2822.52,4135.06,4852.88,11810.46,0,3,8,0,11798.03,11810.6,11281.0,11780.58857142857,11375.610333333334,36,TRAIN
2021-03-09,2817.17,4142.99,4873.69,11833.85,1,3,9,0,11810.46,11799.49,11243.75,11780.568571428574,11392.660333333333,37,TRAIN
2021-03-10,2809.92,4130.57,4849.84,11790.33,2,3,10,0,11833.85,11725.77,11271.47,11785.477142857142,11413.456333333334,38,TRAIN
2021-03-11,2813.81,4117.84,4847.57,11779.22,3,3,11,0,11790.33,11755.77,11294.37,11794.699999999999,11429.804333333333,39,TRAIN
2021-03-12,2795.21,4092.5,4845.61,11733.32,4,3,12,0,11779.22,11809.65,11243.62,11798.050000000001,11446.629333333334,40,TRAIN
2021-03-13,2808.89,4099.71,4858.55,11767.15,5,3,13,1,11733.32,11764.81,11244.52,11787.145714285713,11462.542333333335,41,TRAIN
2021-03-14,2782.33,4129.21,4905.5,11817.04,6,3,14,1,11767.15,11798.03,11268.94,11787.48,11481.34,42,TRAIN
2021-03-15,2812.52,4117.68,4849.86,11780.06,0,3,15,0,11817.04,11810.46,11810.6,11790.195714285714,11500.511666666667,43,TRAIN
2021-03-16,2812.79,4143.52,4859.32,11815.63,1,3,16,0,11780.06,11833.85,11799.49,11785.852857142858,11516.865,44,TRAIN
2021-03-17,2806.28,4096.64,4899.45,11802.37,2,3,17,0,11815.63,11790.33,11725.77,11783.25,11537.654000000002,45,TRAIN
2021-03-18,2799.29,4132.65,4867.73,11799.67,3,3,18,0,11802.37,11779.22,11755.77,11784.970000000001,11557.084666666668,46,TRAIN
2021-03-19,2840.13,4119.48,4875.69,11835.3,4,3,19,0,11799.67,11733.32,11809.65,11787.891428571429,11575.002333333334,47,TRAIN
2021-03-20,2816.67,4111.56,4877.6,11805.83,5,3,20,1,11835.3,11767.15,11764.81,11802.460000000001,11593.402,48,TRAIN
2021-03-21,2813.16,4093.15,4906.81,11813.12,6,3,21,1,11805.83,11817.04,11798.03,11807.985714285713,11612.611666666668,49,TRAIN
2021-03-22,2783.19,4108.29,4855.06,11746.54,0,3,22,0,11813.12,11780.06,11810.46,11807.425714285715,11631.323,50,TRAIN
2021-03-23,2827.61,4142.82,4836.53,11806.96,1,3,23,0,11746.54,11815.63,11833.85,11802.637142857144,11648.860999999999,51,TRAIN
2021-03-24,2799.31,4119.54,4871.03,11789.88,2,3,24,0,11806.96,11802.37,11790.33,11801.398571428572,11668.288,52,TRAIN
2021-03-25,2825.12,4089.6,4854.31,11769.03,3,3,25,0,11789.88,11799.67,11779.22,11799.614285714286,11685.250666666667,53,TRAIN
2021-03-26,2823.84,4120.42,4870.9,11815.16,4,3,26,0,11769.03,11835.3,11733.32,11795.23714285714,11702.76,54,TRAIN
2021-03-27,2801.57,4123.83,4874.8,11800.2,5,3,27,1,11815.16,11805.83,11767.15,11792.36,11720.883,55,TRAIN
2021-03-28,2793.38,4163.07,4882.31,11838.76,6,3,28,1,11800.2,11813.12,11817.04,11791.555714285714,11737.744,56,TRAIN
2021-03-29,2804.04,4136.87,4877.02,11817.93,0,3,29,0,11838.76,11746.54,11780.06,11795.218571428572,11757.581999999999,57,TRAIN
2021-03-30,2799.79,4130.96,4891.29,11822.04,1,3,30,0,11817.93,11806.96,11815.63,11805.417142857143,11776.695666666668,58,TRAIN
2021-03-31,2803.42,4135.3,4828.59,11767.31,2,3,31,0,11822.04,11789.88,11802.37,11807.57142857143,11795.132333333335,59,TRAIN
2021-04-01,2789.35,4110.57,4838.89,11738.81,3,4,1,0,11767.31,11769.03,11799.67,11804.347142857145,11793.689333333334,60,TRAIN
2021-04-02,2806.29,4123.98,4869.27,11799.54,4,4,2,0,11738.81,11815.16,11835.3,11800.03,11791.666666666666,61,TRAIN
2021-04-03,2839.57,4087.02,4937.57,11864.16,5,4,3,1,11799.54,11800.2,11805.83,11797.798571428571,11794.125666666665,62,TRAIN
2021-04-04,2815.13,4141.37,4842.03,11798.53,6,4,4,1,11864.16,11838.76,11813.12,11806.935714285715,11797.738666666668,63,TRAIN
2021-04-05,2813.56,4094.87,4888.88,11797.31,0,4,5,0,11798.53,11817.93,11746.54,11801.18857142857,11797.367999999999,64,TRAIN
2021-04-06,2807.91,4135.34,4838.1,11781.35,1,4,6,0,11797.31,11822.04,11806.96,11798.242857142859,11798.451333333333,65,TRAIN
2021-04-07,2832.93,4112.66,4863.34,11808.93,2,4,7,0,11781.35,11767.31,11789.88,11792.429999999998,11797.895333333332,66,TRAIN
2021-04-08,2832.22,4145.17,4871.93,11849.32,3,4,8,0,11808.93,11738.81,11769.03,11798.375714285716,11797.844333333334,67,TRAIN
2021-04-09,2820.51,4120.39,4860.2,11801.1,4,4,9,0,11849.32,11799.54,11815.16,11814.162857142857,11798.359999999999,68,TRAIN
2021-04-10,2813.18,4128.18,4846.79,11788.15,5,4,10,1,11801.1,11864.16,11800.2,11814.385714285716,11798.719000000001,69,TRAIN
2021-04-11,2797.34,4113.65,4856.58,11767.57,6,4,11,1,11788.15,11798.53,11838.76,11803.527142857143,11799.016666666666,70,TRAIN
2021-04-12,2805.2,4106.74,4827.92,11739.86,0,4,12,0,11767.57,11797.31,11817.93,11799.104285714287,11800.158333333333,71,TRAIN
2021-04-13,2788.07,4119.5,4851.74,11759.31,1,4,13,0,11739.86,11781.35,11822.04,11790.897142857144,11799.248666666668,72,TRAIN
2021-04-14,2807.63,4087.69,4842.07,11737.39,2,4,14,0,11759.31,11808.93,11767.31,11787.748571428572,11797.324333333332,73,TRAIN
2021-04-15,2816.75,4101.49,4883.73,11801.97,3,4,15,0,11737.39,11849.32,11738.81,11777.528571428571,11795.902,74,TRAIN
2021-04-16,2808.97,4131.26,4836.21,11776.44,4,4,16,0,11801.97,11801.1,11799.54,11770.764285714287,11795.446666666665,75,TRAIN
2021-04-17,2813.71,4108.92,4879.52,11802.15,5,4,17,1,11776.44,11788.15,11864.16,11767.24142857143,11794.582333333332,76,TRAIN
2021-04-18,2818.91,4101.4,4851.19,11771.5,6,4,18,1,11802.15,11767.57,11798.53,11769.24142857143,11794.665,77,TRAIN
2021-04-19,2834.16,4130.04,4905.57,11869.77,0,4,19,0,11771.5,11739.86,11797.31,11769.802857142857,11792.538333333334,78,TRAIN
2021-04-20,2828.43,4137.91,4821.6,11787.94,1,4,20,0,11869.77,11759.31,11781.35,11788.361428571428,11794.669666666665,79,TRAIN
2021-04-21,2802.26,4143.63,4858.67,11804.56,2,4,21,0,11787.94,11737.39,11808.93,11792.451428571429,11793.830333333333,80,TRAIN
2021-04-22,2814.5,4161.51,4847.66,11823.67,3,4,22,0,11804.56,11801.97,11849.32,11802.047142857144,11795.764333333333,81,TRAIN
2021-04-23,2813.3,4104.46,4818.53,11736.29,4,4,23,0,11823.67,11776.44,11801.1,11805.147142857142,11796.321333333333,82,TRAIN
2021-04-24,2800.6,4114.69,4879.05,11794.34,5,4,24,1,11736.29,11802.15,11788.15,11799.411428571428,11794.535,83,TRAIN
2021-04-25,2784.53,4129.74,4888.75,11803.02,6,4,25,1,11794.34,11771.5,11767.57,11798.295714285716,11795.378666666667,84,TRAIN
2021-04-26,2805.63,4150.92,4875.23,11831.78,0,4,26,0,11803.02,11869.77,11739.86,11802.798571428571,11794.973999999998,85,TRAIN
2021-04-27,2832.38,4119.2,4888.01,11839.59,1,4,27,0,11831.78,11787.94,11759.31,11797.371428571427,11796.026666666667,86,TRAIN
2021-04-28,2814.38,4120.57,4868.47,11803.42,2,4,28,0,11839.59,11804.56,11737.39,11804.750000000002,11796.054333333333,87,TRAIN
2021-04-29,2817.38,4099.5,4867.85,11784.73,3,4,29,0,11803.42,11823.67,11801.97,11804.587142857143,11795.570666666667,88,TRAIN
2021-04-30,2846.77,4078.13,4852.9,11777.8,4,4,30,0,11784.73,11736.29,11776.44,11799.024285714286,11794.327,89,TRAIN
2021-05-01,2792.28,4100.07,4879.71,11772.06,5,5,1,1,11777.8,11794.34,11802.15,11804.954285714286,11794.676666666666,90,TRAIN
2021-05-02,2830.13,4111.06,4867.63,11808.82,6,5,2,1,11772.06,11803.02,11771.5,11801.771428571428,11795.785,91,TRAIN
2021-05-03,2797.56,4136.65,4868.04,11802.25,0,5,3,0,11808.82,11831.78,11869.77,11802.6,11796.094333333334,92,TRAIN
2021-05-04,2814.22,4117.03,4850.88,11782.13,1,5,4,0,11802.25,11839.59,11787.94,11798.381428571429,11794.030666666666,93,TRAIN
2021-05-05,2830.84,4129.63,4870.19,11830.66,2,5,5,0,11782.13,11803.42,11804.56,11790.172857142856,11793.484,94,TRAIN
2021-05-06,2812.33,4119.41,4861.63,11793.37,3,5,6,0,11830.66,11784.73,11823.67,11794.064285714285,11794.595666666666,95,TRAIN
2021-05-07,2830.77,4125.04,4860.88,11816.69,4,5,7,0,11793.37,11777.8,11736.29,11795.298571428571,11794.996333333334,96,TRAIN
2021-05-08,2792.4,4165.3,4868.34,11826.04,5,5,8,1,11816.69,11772.06,11794.34,11800.854285714286,11795.255000000001,97,TRAIN
2021-05-09,2818.1,4128.58,4844.98,11791.66,6,5,9,1,11826.04,11808.82,11803.02,11808.565714285713,11794.479,98,TRAIN
2021-05-10,2785.03,4106.46,4867.84,11759.33,0,5,10,0,11791.66,11802.25,11831.78,11806.114285714286,11794.164333333332,99,TRAIN
2021-05-11,2812.37,4130.48,4791.39,11734.24,1,5,11,0,11759.33,11782.13,11839.59,11799.982857142857,11793.203666666666,100,TRAIN
2021-05-12,2827.49,4147.31,4892.04,11866.84,2,5,12,0,11734.24,11830.66,11803.42,11793.141428571429,11792.092666666666,101,TRAIN
2021-05-13,2808.17,4100.49,4868.72,11777.38,3,5,13,0,11866.84,11793.37,11784.73,11798.31,11796.325333333334,102,TRAIN
2021-05-14,2797.21,4131.58,4869.11,11797.9,4,5,14,0,11777.38,11816.69,11777.8,11796.025714285715,11796.927666666666,103,TRAIN
2021-05-15,2819.33,4107.28,4781.74,11708.35,5,5,15,1,11797.9,11826.04,11772.06,11793.341428571428,11798.944666666666,104,TRAIN
2021-05-16,2795.35,4111.57,4876.56,11783.48,6,5,16,1,11708.35,11791.66,11808.82,11776.528571428573,11795.824,105,TRAIN
2021-05-17,2790.05,4123.31,4902.57,11815.93,0,5,17,0,11783.48,11759.33,11802.25,11775.36,11796.058666666668,106,TRAIN
2021-05-18,2797.65,4137.4,4876.02,11811.07,1,5,18,0,11815.93,11734.24,11782.13,11783.445714285714,11796.518,107,TRAIN
2021-05-19,2798.27,4095.99,4875.94,11770.2,2,5,19,0,11811.07,11866.84,11830.66,11794.421428571428,11797.837,108,TRAIN
2021-05-20,2814.55,4116.96,4847.66,11779.17,3,5,20,0,11770.2,11777.38,11793.37,11780.615714285714,11794.518000000002,109,TRAIN
2021-05-21,2825.58,4116.71,4826.04,11768.33,4,5,21,0,11779.17,11797.9,11816.69,11780.871428571427,11794.225666666667,110,TRAIN
2021-05-22,2790.15,4122.34,4911.53,11824.02,5,5,22,1,11768.33,11708.35,11826.04,11776.647142857142,11793.018000000002,111,TRAIN
2021-05-23,2800.38,4122.78,4871.24,11794.4,6,5,23,1,11824.02,11783.48,11791.66,11793.171428571428,11793.029666666665,112,TRAIN
2021-05-24,2827.9,4125.42,4846.51,11799.83,0,5,24,0,11794.4,11815.93,11759.33,11794.731428571427,11794.966666666667,113,TRAIN
2021-05-25,2827.87,4094.09,4873.01,11794.97,1,5,25,0,11799.83,11811.07,11734.24,11792.43142857143,11795.149666666666,114,TRAIN
2021-05-26,2797.78,4098.27,4832.58,11728.63,2,5,26,0,11794.97,11770.2,11866.84,11790.131428571429,11794.881333333333,115,TRAIN
2021-05-27,2826.46,4104.85,4837.89,11769.2,3,5,27,0,11728.63,11779.17,11777.38,11784.192857142858,11791.443,116,TRAIN
2021-05-28,2806.32,4086.7,4884.56,11777.58,4,5,28,0,11769.2,11768.33,11797.9,11782.768571428573,11789.096666666668,117,TRAIN
2021-05-29,2818.78,4087.67,4852.15,11758.6,5,5,29,1,11777.58,11824.02,11708.35,11784.09,11788.235333333334,118,TRAIN
2021-05-30,2794.32,4109.26,4824.36,11727.94,6,5,30,1,11758.6,11794.4,11783.48,11774.744285714285,11787.364333333333,119,TRAIN
2021-05-31,2812.3,4122.78,4859.16,11794.24,0,5,31,0,11727.94,11799.83,11815.93,11765.25,11785.702333333333,120,TRAIN
2021-06-01,2796.67,3595.31,4849.68,11241.66,1,6,1,0,11794.24,11794.97,11811.07,11764.451428571429,11786.441666666668,121,TRAIN
2021-06-02,2786.74,3569.76,4892.5,11249.0,2,6,2,0,11241.66,11728.63,11770.2,11685.407142857144,11767.536333333333,122,TRAIN
2021-06-03,2793.38,3573.9,4827.7,11194.98,3,6,3,0,11249.0,11769.2,11779.17,11616.888571428572,11749.094666666668,123,TRAIN
2021-06-04,2770.34,3598.11,4863.83,11232.28,4,6,4,0,11194.98,11777.58,11768.33,11534.857142857143,11729.523,124,TRAIN
2021-06-05,2825.16,3541.5,4839.17,11205.83,5,6,5,1,11232.28,11758.6,11824.02,11456.957142857142,11709.577000000001,125,TRAIN
2021-06-06,2788.31,3608.58,4885.34,11282.23,6,6,6,1,11205.83,11727.94,11794.4,11377.990000000002,11689.992333333332,126,TRAIN
2021-06-07,2832.95,3575.54,4873.11,11281.6,0,6,7,0,11282.23,11794.24,11799.83,11314.317142857142,11672.177,127,TRAIN
2021-06-08,2789.55,3558.75,4854.03,11202.33,1,6,8,0,11281.6,11241.66,11794.97,11241.082857142857,11654.029,128,TRAIN
2021-06-09,2760.36,3580.82,4918.9,11260.08,2,6,9,0,11202.33,11249.0,11728.63,11235.464285714286,11634.384666666669,129,TRAIN
2021-06-10,2828.1,3587.16,4910.87,11326.13,3,6,10,0,11260.08,11194.98,11769.2,11237.047142857142,11617.742999999999,130,TRAIN
2021-06-11,2829.29,3605.02,4842.44,11276.75,4,6,11,0,11326.13,11232.28,11777.58,11255.782857142856,11604.139333333333,131,TRAIN
2021-06-12,2794.05,3575.19,4811.77,11181.01,5,6,12,1,11276.75,11205.83,11758.6,11262.135714285714,11584.469666666666,132,TRAIN
2021-06-13,2809.49,3594.64,4853.35,11257.48,6,6,13,1,11181.01,11282.23,11727.94,11258.59,11564.590666666665,133,TRAIN
2021-06-14,2805.0,3561.38,4822.79,11189.17,0,6,14,0,11257.48,11281.6,11794.24,11255.054285714286,11546.576666666666,134,TRAIN
2021-06-15,2812.74,3582.88,4817.67,11213.29,1,6,15,0,11189.17,11202.33,11241.66,11241.85,11529.270666666667,135,TRAIN
2021-06-16,2796.87,3586.18,4875.49,11258.54,2,6,16,0,11213.29,11260.08,11249.0,11243.415714285713,11510.264333333333,136,TRAIN
2021-06-17,2833.95,3573.08,4854.43,11261.46,3,6,17,0,11258.54,11326.13,11194.98,11243.195714285714,11491.684666666666,137,TRAIN
2021-06-18,2795.41,3570.84,4845.71,11211.96,4,6,18,0,11261.46,11276.75,11232.28,11233.957142857142,11473.364333333333,138,TRAIN
2021-06-19,2791.37,3571.45,4866.91,11229.73,5,6,19,1,11211.96,11181.01,11205.83,11224.701428571429,11454.756333333333,139,TRAIN
2021-06-20,2792.97,3569.91,4820.95,11183.83,6,6,20,1,11229.73,11257.48,11282.23,11231.661428571428,11436.441666666668,140,TRAIN
2021-06-21,2797.33,3573.91,4840.17,11211.41,0,6,21,0,11183.83,11189.17,11281.6,11221.14,11416.958333333334,141,TRAIN
2021-06-22,2783.66,3558.51,4866.79,11208.96,1,6,22,0,11211.41,11213.29,11202.33,11224.317142857142,11396.538,142,TRAIN
2021-06-23,2794.88,3551.85,4836.76,11183.49,2,6,23,0,11208.96,11258.54,11260.08,11223.698571428571,11377.023333333334,143,TRAIN
2021-06-24,2817.04,3547.38,4832.28,11196.7,3,6,24,0,11183.49,11261.46,11326.13,11212.977142857142,11356.478666666666,144,TRAIN
2021-06-25,2822.41,3577.82,4855.22,11255.45,4,6,25,0,11196.7,11211.96,11276.75,11203.725714285714,11336.536333333333,145,TRAIN
2021-06-26,2793.24,3545.3,4832.79,11171.33,5,6,26,1,11255.45,11229.73,11181.01,11209.93857142857,11320.763666666668,146,TRAIN
2021-06-27,2805.9,3587.49,4844.96,11238.35,6,6,27,1,11171.33,11183.83,11257.48,11201.595714285713,11300.834666666666,147,TRAIN
2021-06-28,2801.65,3559.08,4887.73,11248.46,0,6,28,0,11238.35,11211.41,11189.17,11209.384285714286,11282.860333333334,148,TRAIN
2021-06-29,2794.49,3611.77,4846.88,11253.14,1,6,29,0,11248.46,11208.96,11213.29,11214.677142857141,11265.855666666666,149,TRAIN
2021-06-30,2812.98,3574.73,4810.6,11198.31,2,6,30,0,11253.14,11183.49,11258.54,11220.988571428572,11250.029,150,TRAIN
2021-07-01,2796.68,3577.24,4775.73,11149.65,3,7,1,0,11198.31,11196.7,11261.46,11223.105714285713,11230.164666666667,151,TRAIN
2021-07-02,2816.23,3591.97,4844.15,11252.35,4,7,2,0,11149.65,11255.45,11211.96,11216.384285714286,11227.097666666667,152,TRAIN
2021-07-03,2827.29,3572.68,4810.8,11210.77,5,7,3,1,11252.35,11171.33,11229.73,11215.941428571428,11227.209333333332,153,TRAIN
2021-07-04,2788.43,3555.12,4887.79,11231.34,6,7,4,1,11210.77,11238.35,11183.83,11221.575714285715,11227.735666666667,154,TRAIN
2021-07-05,2822.9,3577.12,4857.87,11257.89,0,7,5,0,11231.34,11248.46,11211.41,11220.574285714285,11227.704333333333,155,TRAIN
2021-07-06,2813.83,3594.04,4857.88,11265.75,1,7,6,0,11257.89,11253.14,11208.96,11221.92142857143,11229.439666666667,156,TRAIN
2021-07-07,2793.83,3580.16,4883.72,11257.71,2,7,7,0,11265.75,11198.31,11183.49,11223.722857142857,11228.890333333333,157,TRAIN
2021-07-08,2784.48,3548.77,4873.3,11206.55,3,7,8,0,11257.71,11149.65,11196.7,11232.208571428573,11228.094000000001,158,TRAIN
2021-07-09,2814.92,3593.19,4870.6,11278.71,4,7,9,0,11206.55,11252.35,11255.45,11240.337142857143,11228.234666666665,159,TRAIN
2021-07-10,2788.77,3588.73,4845.23,11222.73,5,7,10,1,11278.71,11210.77,11171.33,11244.102857142858,11228.855666666668,160,TRAIN
2021-07-11,2789.55,3564.69,4870.74,11224.98,6,7,11,1,11222.73,11231.34,11238.35,11245.811428571427,11225.409000000001,161,TRAIN
2021-07-12,2808.26,3592.07,4881.49,11281.82,0,7,12,0,11224.98,11257.89,11248.46,11244.902857142859,11223.683333333332,162,TRAIN
2021-07-13,2828.13,3572.04,4808.38,11208.55,1,7,13,0,11281.82,11265.75,11253.14,11248.321428571426,11227.043666666666,163,TRAIN
2021-07-14,2804.42,3578.53,4887.66,11270.61,2,7,14,0,11208.55,11257.71,11198.31,11240.15,11225.412666666667,164,TRAIN
2021-07-15,2781.58,3577.7,4914.8,11274.08,3,7,15,0,11270.61,11206.55,11149.65,11241.992857142857,11228.127333333332,165,TRAIN
2021-07-16,2828.99,3603.38,4846.57,11278.94,4,7,16,0,11274.08,11278.71,11252.35,11251.64,11230.153666666667,166,TRAIN
2021-07-17,2774.26,3545.63,4856.04,11175.93,5,7,17,1,11278.94,11222.73,11210.77,11251.672857142858,11230.833666666667,167,TRAIN
2021-07-18,2808.26,3590.53,4841.01,11239.8,6,7,18,1,11175.93,11224.98,11231.34,11244.987142857144,11227.982666666667,168,TRAIN
2021-07-19,2785.82,3558.81,4820.5,11165.13,0,7,19,0,11239.8,11281.82,11257.89,11247.104285714286,11228.910666666665,169,TRAIN
2021-07-20,2821.41,3610.21,4848.34,11279.96,1,7,20,0,11165.13,11208.55,11265.75,11230.434285714287,11226.757333333333,170,TRAIN
2021-07-21,2817.28,3591.82,4861.21,11270.31,2,7,21,0,11279.96,11270.61,11257.71,11240.635714285714,11229.961666666666,171,TRAIN
2021-07-22,2787.19,3592.44,4851.87,11231.5,3,7,22,0,11270.31,11274.08,11206.55,11240.592857142856,11231.925,172,TRAIN
2021-07-23,2789.15,3596.47,4796.78,11182.4,4,7,23,0,11231.5,11278.94,11278.71,11234.509999999998,11232.676333333333,173,TRAIN
2021-07-24,2839.14,3594.91,4871.63,11305.68,5,7,24,1,11182.4,11175.93,11222.73,11220.718571428572,11232.640000000001,174,TRAIN
2021-07-25,2798.52,3581.99,4853.65,11234.16,6,7,25,1,11305.68,11239.8,11224.98,11239.254285714285,11236.272666666666,175,TRAIN
2021-07-26,2797.32,3571.72,4877.19,11246.23,0,7,26,0,11234.16,11165.13,11281.82,11238.448571428571,11235.562999999998,176,TRAIN
2021-07-27,2799.28,3543.66,4873.25,11216.19,1,7,27,0,11246.23,11279.96,11208.55,11250.034285714284,11238.059666666668,177,TRAIN
2021-07-28,2776.05,3581.25,4850.71,11208.01,2,7,28,0,11216.19,11270.31,11270.61,11240.924285714285,11237.321,178,TRAIN
2021-07-29,2821.51,3586.53,4849.97,11258.01,3,7,29,0,11208.01,11231.5,11274.08,11232.024285714286,11235.972666666667,179,TRAIN
2021-07-30,2811.08,3560.86,4869.56,11241.5,4,7,30,0,11258.01,11182.4,11278.94,11235.81142857143,11236.135,180,TRAIN
2021-07-31,2795.65,3545.31,4849.18,11190.14,5,7,31,1,11241.5,11305.68,11175.93,11244.254285714285,11237.574666666666,181,TRAIN
2021-08-01,2828.76,3566.38,4850.17,11245.31,6,8,1,1,11190.14,11234.16,11239.8,11227.748571428572,11238.924333333332,182,TRAIN
2021-08-02,2784.56,3555.43,4927.82,11267.81,0,8,2,0,11245.31,11246.23,11165.13,11229.341428571428,11238.689666666667,183,TRAIN
2021-08-03,2796.57,3562.23,4843.46,11202.26,1,8,3,0,11267.81,11216.19,11279.96,11232.424285714285,11240.590999999999,184,TRAIN
2021-08-04,2788.41,3554.4,4888.58,11231.39,2,8,4,0,11202.26,11208.01,11270.31,11230.434285714286,11239.621666666668,185,TRAIN
2021-08-05,2804.12,3625.35,4785.83,11215.3,3,8,5,0,11231.39,11258.01,11231.5,11233.774285714286,11238.738333333335,186,TRAIN
2021-08-06,2795.97,3605.32,4877.29,11278.58,4,8,6,0,11215.3,11241.5,11182.4,11227.672857142856,11237.056666666667,187,TRAIN
2021-08-07,2825.31,3573.86,4879.96,11279.13,5,8,7,1,11278.58,11190.14,11305.68,11232.97,11237.752333333332,188,TRAIN
2021-08-08,2802.46,3587.61,4894.52,11284.59,6,8,8,1,11279.13,11245.31,11234.16,11245.682857142858,11240.171666666665,189,TRAIN
2021-08-09,2797.22,3604.83,4896.14,11298.19,0,8,9,0,11284.59,11267.81,11246.23,11251.294285714286,11240.367666666665,190,TRAIN
2021-08-10,2789.06,3555.45,4841.5,11186.01,1,8,10,0,11298.19,11202.26,11216.19,11255.634285714286,11242.883,191,TRAIN
2021-08-11,2817.1,3588.67,4854.22,11259.99,2,8,11,0,11186.01,11231.39,11208.01,11253.312857142857,11241.584,192,TRAIN
2021-08-12,2805.89,3589.15,4817.84,11212.88,3,8,12,0,11259.99,11215.3,11258.01,11257.398571428572,11240.856333333333,193,TRAIN
2021-08-13,2786.42,3557.26,4925.03,11268.71,4,8,13,0,11212.88,11278.58,11241.5,11257.052857142857,11241.000666666667,194,TRAIN
2021-08-14,2821.78,3592.69,4841.65,11256.12,5,8,14,1,11268.71,11279.13,11190.14,11255.642857142857,11240.937333333333,195,TRAIN
2021-08-15,2809.68,3577.75,4784.87,11172.3,6,8,15,1,11256.12,11284.59,11245.31,11252.355714285713,11240.338666666668,196,TRAIN
2021-08-16,2805.47,3558.53,4845.25,11209.25,0,8,16,0,11172.3,11298.19,11267.81,11236.314285714285,11236.784000000001,197,TRAIN
2021-08-17,2799.78,3592.75,4858.22,11250.75,1,8,17,0,11209.25,11186.01,11202.26,11223.608571428571,11237.894666666667,198,TRAIN
2021-08-18,2803.35,3575.74,4892.95,11272.04,2,8,18,0,11250.75,11259.99,11231.39,11232.857142857143,11238.259666666669,199,TRAIN
2021-08-19,2796.98,3575.79,4865.74,11238.51,3,8,19,0,11272.04,11212.88,11215.3,11234.57857142857,11241.823333333334,200,TRAIN
2021-08-20,2811.4,3591.25,4914.83,11317.48,4,8,20,0,11238.51,11268.71,11278.58,11238.240000000002,11240.441666666668,201,TRAIN
2021-08-21,2788.96,3600.57,4832.47,11222.0,5,8,21,1,11317.48,11256.12,11279.13,11245.207142857142,11242.014,202,TRAIN
2021-08-22,2807.83,3594.7,4886.74,11289.27,6,8,22,1,11222.0,11172.3,11284.59,11240.332857142857,11241.697333333334,203,TRAIN
2021-08-23,2828.28,3632.15,4853.97,11314.4,0,8,23,0,11289.27,11209.25,11298.19,11257.042857142858,11245.259666666667,204,TRAIN
2021-08-24,2795.74,3582.9,4852.05,11230.69,1,8,24,0,11314.4,11250.75,11186.01,11272.064285714285,11245.550333333334,205,TRAIN
2021-08-25,2809.21,3606.52,4850.62,11266.35,2,8,25,0,11230.69,11272.04,11259.99,11269.198571428571,11245.434666666668,206,TRAIN
2021-08-26,2815.3,3580.9,4923.16,11319.36,3,8,26,0,11266.35,11238.51,11212.88,11268.385714285716,11246.105333333333,207,TRAIN
2021-08-27,2785.7,3590.67,4939.83,11316.2,4,8,27,0,11319.36,11317.48,11268.71,11279.935714285715,11249.544333333331,208,TRAIN
2021-08-28,2817.04,3585.06,4846.64,11248.74,5,8,28,1,11316.2,11222.0,11256.12,11279.752857142857,11253.150666666666,209,TRAIN
2021-08-29,2783.21,3596.51,4843.43,11223.15,6,8,29,1,11248.74,11289.27,11172.3,11283.572857142859,11252.841666666667,210,TRAIN
2021-08-30,2805.61,3587.57,4855.27,11248.45,0,8,30,0,11223.15,11314.4,11209.25,11274.127142857144,11252.230000000001,211,TRAIN
2021-08-31,2814.69,3575.6,4906.66,11296.95,1,8,31,0,11248.45,11230.69,11250.75,11264.705714285714,11254.173666666667,212,TRAIN
2021-09-01,2772.47,3572.51,4865.32,11210.3,2,9,1,0,11296.95,11266.35,11272.04,11274.17142857143,11255.894999999999,213,TRAIN
2021-09-02,2803.13,3544.85,4845.91,11193.89,3,9,2,0,11210.3,11319.36,11238.51,11266.164285714285,11253.978000000001,214,TRAIN
2021-09-03,2808.34,3602.88,4830.48,11241.7,4,9,3,0,11193.89,11316.2,11317.48,11248.24,11253.698999999999,215,TRAIN
2021-09-04,2826.15,3582.02,4876.65,11284.82,5,9,4,1,11241.7,11248.74,11222.0,11237.597142857141,11254.042666666666,216,TRAIN
2021-09-05,2780.88,3589.55,4901.21,11271.64,6,9,5,1,11284.82,11223.15,11289.27,11242.751428571428,11256.359999999999,217,TRAIN
2021-09-06,2805.07,3556.36,4839.41,11200.84,0,9,6,0,11271.64,11248.45,11314.4,11249.67857142857,11256.128666666666,218,TRAIN
2021-09-07,2824.09,3587.29,4922.47,11333.85,1,9,7,0,11200.84,11296.95,11230.69,11242.877142857144,11253.519,219,TRAIN
2021-09-08,2784.41,3563.79,4863.15,11211.35,2,9,8,0,11333.85,11210.3,11266.35,11248.148571428572,11255.161,220,TRAIN
2021-09-09,2825.75,3532.89,4844.52,11203.16,3,9,9,0,11211.35,11193.89,11319.36,11248.298571428571,11252.266333333333,221,TRAIN
2021-09-10,2819.79,3579.56,4864.21,11263.56,4,9,10,0,11203.16,11241.7,11316.2,11249.622857142856,11252.838,222,TRAIN
2021-09-11,2827.3,3568.9,4914.75,11310.95,5,9,11,1,11263.56,11284.82,11248.74,11252.745714285715,11252.957,223,TRAIN
2021-09-12,2812.29,3545.92,4851.87,11210.08,6,9,12,1,11310.95,11271.64,11223.15,11256.478571428572,11256.225999999999,224,TRAIN
2021-09-13,2779.87,3568.31,4910.81,11258.99,0,9,13,0,11210.08,11200.84,11248.45,11247.684285714287,11254.271666666667,225,TRAIN
2021-09-14,2805.65,3581.59,4833.3,11220.54,1,9,14,0,11258.99,11333.85,11296.95,11255.99142857143,11254.367333333332,226,TRAIN
2021-09-15,2811.52,3582.0,4827.49,11221.01,2,9,15,0,11220.54,11211.35,11210.3,11239.804285714286,11255.975333333334,227,TRAIN
2021-09-16,2828.81,3568.93,4881.97,11279.71,3,9,16,0,11221.01,11203.16,11193.89,11241.184285714286,11256.367333333334,228,TRAIN
2021-09-17,2802.55,3581.34,4869.21,11253.1,4,9,17,0,11279.71,11263.56,11241.7,11252.119999999999,11257.332666666665,229,TRAIN
2021-09-18,2828.48,3590.05,4920.29,11338.82,5,9,18,1,11253.1,11310.95,11284.82,11250.625714285716,11256.701333333334,230,TRAIN
2021-09-19,2793.94,3586.13,4919.17,11299.24,6,9,19,1,11338.82,11210.08,11271.64,11254.607142857143,11260.045,231,TRAIN
2021-09-20,2794.94,3587.3,4856.42,11238.66,0,9,20,0,11299.24,11258.99,11200.84,11267.344285714285,11259.437000000002,232,TRAIN
2021-09-21,2803.6,3535.17,4878.04,11216.81,1,9,21,0,11238.66,11220.54,11333.85,11264.44,11259.992333333334,233,TRAIN
2021-09-22,2789.53,3579.64,4877.53,11246.7,2,9,22,0,11216.81,11221.01,11211.35,11263.907142857142,11257.577,234,TRAIN
2021-09-23,2821.83,3556.62,4812.86,11191.31,3,9,23,0,11246.7,11279.71,11203.16,11267.577142857142,11255.320333333333,235,TRAIN
2021-09-24,2798.42,3548.06,4849.12,11195.6,4,9,24,0,11191.31,11253.1,11263.56,11254.94857142857,11254.007666666666,236,TRAIN
2021-09-25,2811.61,3547.27,4874.87,11233.75,5,9,25,1,11195.6,11338.82,11310.95,11246.734285714285,11251.649333333333,237,TRAIN
2021-09-26,2814.11,3587.62,4874.76,11276.49,6,9,26,1,11233.75,11299.24,11210.08,11231.724285714285,11248.795666666667,238,TRAIN
2021-09-27,2773.98,3570.31,4870.12,11214.41,0,9,27,0,11276.49,11238.66,11258.99,11228.474285714286,11247.472,239,TRAIN
2021-09-28,2823.02,3589.98,4862.7,11275.7,1,9,28,0,11214.41,11216.81,11220.54,11225.01,11246.327666666668,240,TRAIN
2021-09-29,2797.71,3581.35,4838.77,11217.83,2,9,29,0,11275.7,11246.7,11221.01,11233.422857142858,11248.079333333333,241,TRAIN
2021-09-30,2821.88,3600.74,4853.59,11276.21,3,9,30,0,11217.83,11191.31,11279.71,11229.298571428573,11247.058666666666,242,TRAIN
2021-10-01,2839.45,3578.66,4872.61,11290.72,4,10,1,0,11276.21,11195.6,11253.1,11241.427142857141,11246.367333333334,243,TRAIN
2021-10-02,2836.12,3566.63,4851.63,11254.38,5,10,2,1,11290.72,11233.75,11338.82,11255.015714285715,11249.047999999999,244,TRAIN
2021-10-03,2810.87,3571.58,4810.87,11193.32,6,10,3,1,11254.38,11276.49,11299.24,11257.962857142858,11251.064333333334,245,TRAIN
2021-10-04,2825.31,3580.45,4892.44,11298.2,0,10,4,0,11193.32,11214.41,11238.66,11246.081428571428,11249.451666666666,246,TRAIN
2021-10-05,2809.9,3558.82,4885.08,11253.8,1,10,5,0,11298.2,11275.7,11216.81,11258.051428571429,11249.897666666666,247,TRAIN
2021-10-06,2834.18,3592.01,4840.22,11266.41,2,10,6,0,11253.8,11217.83,11246.7,11254.922857142856,11249.302999999998,248,TRAIN
2021-10-07,2827.27,3582.37,4878.5,11288.14,3,10,7,0,11266.41,11276.21,11191.31,11261.862857142856,11251.488666666668,249,TRAIN
2021-10-08,2820.16,3590.47,4882.12,11292.75,4,10,8,0,11288.14,11290.72,11195.6,11263.567142857142,11249.964999999998,250,TRAIN
2021-10-09,2818.65,3597.97,4874.6,11291.22,5,10,9,1,11292.75,11254.38,11233.75,11263.857142857143,11252.678333333333,251,TRAIN
2021-10-10,2776.31,3578.26,4895.1,11249.67,6,10,10,1,11291.22,11193.32,11276.49,11269.119999999999,11255.613666666666,252,TRAIN
2021-10-11,2817.3,3562.03,4882.14,11261.47,0,10,11,0,11249.67,11298.2,11214.41,11277.17,11255.150666666665,253,TRAIN
2021-10-12,2812.62,3561.06,4859.06,11232.74,1,10,12,0,11261.47,11253.8,11275.7,11271.922857142858,11253.501333333335,254,TRAIN
2021-10-13,2776.95,3583.33,4821.6,11181.88,2,10,13,0,11232.74,11266.41,11217.83,11268.914285714285,11254.256666666666,255,TRAIN
2021-10-14,2819.36,3615.03,4883.46,11317.85,3,10,14,0,11181.88,11288.14,11276.21,11256.83857142857,11251.686333333335,256,TRAIN
2021-10-15,2802.31,3541.16,4876.74,11220.21,4,10,15,0,11317.85,11292.75,11290.72,11261.082857142857,11254.929999999998,257,TRAIN
2021-10-16,2782.23,3569.66,4808.4,11160.29,5,10,16,1,11220.21,11291.22,11254.38,11250.72,11254.903333333334,258,TRAIN
2021-10-17,2833.17,3581.17,4881.29,11295.63,6,10,17,1,11160.29,11249.67,11193.32,11232.015714285715,11250.922666666667,259,TRAIN
2021-10-18,2809.04,3576.91,4835.18,11221.13,0,10,18,0,11295.63,11261.47,11298.2,11238.581428571428,11252.340333333332,260,TRAIN
2021-10-19,2833.22,3597.64,4866.56,11297.42,1,10,19,0,11221.13,11232.74,11253.8,11232.81857142857,11248.417333333335,261,TRAIN
2021-10-20,2773.3,3584.71,4871.93,11229.94,2,10,20,0,11297.42,11181.88,11266.41,11242.058571428572,11248.356666666665,262,TRAIN
2021-10-21,2816.15,3574.49,4816.36,11207.0,3,10,21,0,11229.94,11317.85,11288.14,11248.924285714285,11248.065999999999,263,TRAIN
2021-10-22,2825.48,3553.45,4881.69,11260.62,4,10,22,0,11207.0,11220.21,11292.75,11233.08857142857,11247.739,264,TRAIN
2021-10-23,2803.88,3583.75,4911.74,11299.37,5,10,23,1,11260.62,11160.29,11291.22,11238.861428571428,11248.203,265,TRAIN
2021-10-24,2812.51,3538.3,4836.21,11187.02,6,10,24,1,11299.37,11295.63,11249.67,11258.73,11251.804999999998,266,TRAIN
2021-10-25,2806.49,3572.05,4883.83,11262.37,0,10,25,0,11187.02,11221.13,11261.47,11243.214285714286,11251.519,267,TRAIN
2021-10-26,2814.72,3562.5,4827.22,11204.44,1,10,26,0,11262.37,11297.42,11232.74,11249.105714285715,11252.473,268,TRAIN
2021-10-27,2783.35,3568.19,4894.37,11245.91,2,10,27,0,11204.44,11229.94,11181.88,11235.822857142859,11250.071333333333,269,TRAIN
2021-10-28,2823.67,3595.24,4774.94,11193.85,3,10,28,0,11245.91,11207.0,11317.85,11238.104285714286,11251.121333333334,270,TRAIN
2021-10-29,2810.76,3567.21,4910.24,11288.21,4,10,29,0,11193.85,11260.62,11220.21,11236.225714285714,11248.393,271,TRAIN
2021-10-30,2797.16,3563.48,4859.71,11220.35,5,10,30,1,11288.21,11299.37,11160.29,11240.167142857144,11250.739000000001,272,TRAIN
2021-10-31,2778.89,3598.18,4910.28,11287.35,6,10,31,1,11220.35,11187.02,11295.63,11228.878571428571,11248.877,273,TRAIN
2021-11-01,2798.82,3561.94,4890.54,11251.3,0,11,1,0,11287.35,11262.37,11221.13,11243.21142857143,11248.764666666664,274,TRAIN
2021-11-02,2808.73,3598.72,4866.81,11274.26,1,11,2,0,11251.3,11204.44,11297.42,11241.630000000001,11248.662000000002,275,TRAIN
2021-11-03,2788.95,3548.69,4865.17,11202.81,2,11,3,0,11274.26,11245.91,11229.94,11251.604285714286,11251.359999999999,276,TRAIN
2021-11-04,2817.29,3578.37,4845.12,11240.78,3,11,4,0,11202.81,11193.85,11207.0,11245.447142857143,11248.180333333334,277,TRAIN
2021-11-05,2823.6,3579.64,4846.34,11249.58,4,11,5,0,11240.78,11288.21,11260.62,11252.151428571427,11247.746333333334,278,TRAIN
2021-11-06,2798.29,3645.41,4906.88,11350.58,5,11,6,1,11249.58,11220.35,11299.37,11246.632857142858,11247.185333333333,279,TRAIN
2021-11-07,2792.61,3619.73,4905.29,11317.63,6,11,7,1,11350.58,11287.35,11187.02,11265.237142857144,11249.266666666666,280,TRAIN
2021-11-08,2796.93,3559.07,4811.21,11167.21,0,11,8,0,11317.63,11251.3,11262.37,11269.562857142857,11250.096,281,TRAIN
2021-11-09,2816.02,3581.32,4872.11,11269.45,1,11,9,0,11167.21,11274.26,11204.44,11257.550000000001,11245.962333333333,282,TRAIN
2021-11-10,2837.99,3587.1,4872.12,11297.21,2,11,10,0,11269.45,11202.81,11245.91,11256.862857142856,11246.621666666668,283,TRAIN
2021-11-11,2808.8,3576.46,4862.55,11247.81,3,11,11,0,11297.21,11240.78,11193.85,11270.348571428573,11247.812999999998,284,TRAIN
2021-11-12,2803.11,3573.17,4851.42,11227.7,4,11,12,0,11247.81,11249.58,11288.21,11271.352857142858,11248.315333333332,285,TRAIN
2021-11-13,2807.5,3561.58,4932.35,11301.43,5,11,13,1,11227.7,11350.58,11220.35,11268.227142857142,11249.842666666666,286,TRAIN
2021-11-14,2775.77,3554.82,4871.82,11202.41,6,11,14,1,11301.43,11317.63,11287.35,11261.205714285714,11249.295333333333,287,TRAIN
2021-11-15,2823.21,3577.77,4898.67,11299.65,0,11,15,0,11202.41,11167.21,11251.3,11244.745714285713,11248.702,288,TRAIN
2021-11-16,2803.63,3596.48,4854.98,11255.09,1,11,16,0,11299.65,11269.45,11274.26,11263.665714285715,11253.347333333333,289,TRAIN
2021-11-17,2770.75,3576.17,4911.33,11258.25,2,11,17,0,11255.09,11297.21,11202.81,11261.614285714286,11251.996000000001,290,TRAIN
2021-11-18,2827.59,3572.85,4901.47,11301.91,3,11,18,0,11258.25,11247.81,11240.78,11256.048571428571,11253.233333333334,291,TRAIN
2021-11-19,2801.09,3533.61,4867.67,11202.37,4,11,19,0,11301.91,11227.7,11249.58,11263.777142857143,11253.383,292,TRAIN
2021-11-20,2809.52,3543.64,4873.62,11226.78,5,11,20,1,11202.37,11301.43,11350.58,11260.158571428572,11252.464000000002,293,TRAIN
2021-11-21,2832.68,3575.47,4856.45,11264.6,6,11,21,1,11226.78,11202.41,11317.63,11249.494285714285,11253.123333333333,294,TRAIN
2021-11-22,2822.93,3572.65,4858.71,11254.29,0,11,22,0,11264.6,11299.65,11167.21,11258.378571428573,11253.256,295,TRAIN
2021-11-23,2816.56,3569.48,4868.3,11254.34,1,11,23,0,11254.29,11255.09,11269.45,11251.89857142857,11251.753333333334,296,TRAIN
2021-11-24,2804.24,3568.09,4879.62,11251.95,2,11,24,0,11254.34,11258.25,11297.21,11251.79142857143,11253.997333333333,297,TRAIN
2021-11-25,2814.03,3531.05,4860.38,11205.46,3,11,25,0,11251.95,11301.91,11247.81,11250.891428571429,11253.65,298,TRAIN
2021-11-26,2825.74,3573.48,4838.56,11237.78,4,11,26,0,11205.46,11202.37,11227.7,11237.112857142856,11253.684000000001,299,TRAIN
2021-11-27,2804.91,3572.51,4856.16,11233.58,5,11,27,1,11237.78,11226.78,11301.43,11242.17142857143,11253.412999999999,300,TRAIN
2021-11-28,2776.68,3545.02,4849.7,11171.4,6,11,28,1,11233.58,11264.6,11202.41,11243.142857142857,11254.737333333333,301,TRAIN
2021-11-29,2811.2,3582.78,4864.52,11258.5,0,11,29,0,11171.4,11254.29,11299.65,11229.828571428572,11250.843666666666,302,TRAIN
2021-11-30,2779.37,3598.64,4909.66,11287.67,1,11,30,0,11258.5,11254.34,11255.09,11230.430000000002,11252.115333333333,303,TRAIN
2021-12-01,2815.15,3583.93,4839.72,11238.8,2,12,1,0,11287.67,11251.95,11258.25,11235.191428571428,11252.126,304,TRAIN
2021-12-02,2806.61,3582.43,4846.53,11235.57,3,12,2,0,11238.8,11205.46,11301.91,11233.312857142857,11251.709333333332,305,TRAIN
2021-12-03,2834.6,3570.73,4871.07,11276.4,4,12,3,0,11235.57,11237.78,11202.37,11237.614285714286,11250.419666666667,306,TRAIN
2021-12-04,2821.06,3591.04,4869.37,11281.47,5,12,4,1,11276.4,11233.58,11226.78,11243.131428571427,11252.872666666668,307,TRAIN
2021-12-05,2821.96,3609.24,4882.66,11313.86,6,12,5,1,11281.47,11171.4,11264.6,11249.972857142857,11254.229,308,TRAIN
2021-12-06,2803.79,3581.7,4887.47,11272.96,0,12,6,0,11313.86,11258.5,11254.29,11270.324285714285,11256.371666666666,309,TRAIN
2021-12-07,2808.6,3590.82,4807.68,11207.1,1,12,7,0,11272.96,11287.67,11254.34,11272.39,11253.784333333335,310,TRAIN
2021-12-08,2796.71,3569.47,4877.44,11243.62,2,12,8,0,11207.1,11238.8,11251.95,11260.880000000001,11250.1,311,TRAIN
2021-12-09,2792.06,3570.77,4826.41,11189.24,3,12,9,0,11243.62,11235.57,11205.46,11261.56857142857,11252.646999999999,312,TRAIN
2021-12-10,2819.55,3573.84,4881.9,11275.29,4,12,10,0,11189.24,11276.4,11237.78,11254.949999999999,11249.973333333333,313,TRAIN
2021-12-11,2787.51,3570.5,4825.71,11183.72,5,12,11,1,11275.29,11281.47,11233.58,11254.79142857143,11249.242666666667,314,TRAIN
2021-12-12,2812.25,3579.94,4881.59,11273.78,6,12,12,1,11183.72,11313.86,11171.4,11240.827142857144,11247.106333333333,315,TRAIN
2021-12-13,2802.5,3550.13,4861.49,11214.12,0,12,13,0,11273.78,11272.96,11258.5,11235.10142857143,11248.642333333333,316,TRAIN
2021-12-14,2803.34,3587.99,4849.41,11240.74,1,12,14,0,11214.12,11207.1,11287.67,11226.695714285714,11245.732,317,TRAIN
2021-12-15,2821.75,3592.03,4812.52,11226.3,2,12,15,0,11240.74,11243.62,11238.8,11231.501428571428,11247.009666666667,318,TRAIN
2021-12-16,2818.36,3584.3,4874.97,11277.63,3,12,16,0,11226.3,11189.24,11235.57,11229.027142857143,11244.564666666667,319,TRAIN
2021-12-17,2799.8,3599.27,4817.52,11216.59,4,12,17,0,11277.63,11275.29,11276.4,11241.654285714287,11245.315999999999,320,TRAIN
2021-12-18,2798.56,3572.02,4846.8,11217.38,5,12,18,1,11216.59,11183.72,11281.47,11233.268571428573,11243.927333333333,321,TRAIN
2021-12-19,2811.0,3597.32,4831.94,11240.26,6,12,19,1,11217.38,11273.78,11313.86,11238.077142857142,11241.109666666667,322,TRAIN
2021-12-20,2815.99,3545.46,4873.27,11234.72,0,12,20,0,11240.26,11214.12,11272.96,11233.288571428571,11242.372666666666,323,TRAIN
2021-12-21,2799.47,3574.08,4870.44,11243.99,1,12,21,0,11234.72,11240.74,11207.1,11236.231428571427,11242.637333333334,324,TRAIN
2021-12-22,2840.06,3597.12,4893.48,11330.66,2,12,22,0,11243.99,11226.3,11243.62,11236.695714285714,11241.950333333334,325,TRAIN
2021-12-23,2798.22,3566.48,4831.64,11196.34,3,12,23,0,11330.66,11277.63,11189.24,11251.604285714286,11244.496000000001,326,TRAIN
2021-12-24,2795.44,3553.54,4857.49,11206.47,4,12,24,0,11196.34,11216.59,11275.29,11239.99142857143,11242.562666666667,327,TRAIN
2021-12-25,2826.41,3564.03,4823.61,11214.05,5,12,25,1,11206.47,11217.38,11183.72,11238.545714285714,11241.046666666667,328,TRAIN
2021-12-26,2808.61,3590.56,4859.69,11258.86,6,12,26,1,11214.05,11240.26,11273.78,11238.070000000002,11241.333,329,TRAIN
2021-12-27,2813.89,3583.9,4854.28,11252.07,0,12,27,0,11258.86,11234.72,11214.12,11240.727142857142,11242.035666666667,330,TRAIN
2021-12-28,2806.94,3600.88,4900.72,11308.54,1,12,28,0,11252.07,11243.99,11240.74,11243.205714285712,11242.652,331,TRAIN
2021-12-29,2810.49,3581.73,4885.27,11277.49,2,12,29,0,11308.54,11330.66,11226.3,11252.427142857143,11247.223333333332,332,TRAIN
2021-12-30,2814.18,3570.4,4847.79,11232.37,3,12,30,0,11277.49,11196.34,11277.63,11244.831428571428,11247.856333333333,333,TRAIN
2021-12-31,2806.76,3575.79,4829.64,11212.19,4,12,31,0,11232.37,11206.47,11216.59,11249.978571428572,11246.013,334,TRAIN
2022-01-01,2981.94,3819.96,5157.4,11959.3,5,1,1,1,11212.19,11214.05,11217.38,11250.795714285716,11245.126,335,TRAIN
2022-01-02,2995.29,3757.74,5175.44,11928.47,6,1,2,1,11959.3,11258.86,11240.26,11357.259999999998,11269.250333333333,336,TRAIN
2022-01-03,2974.44,3792.72,5153.7,11920.86,0,1,3,0,11928.47,11252.07,11234.72,11452.91857142857,11290.985999999999,337,TRAIN
2022-01-04,2979.6,3791.87,5209.4,11980.87,1,1,4,0,11920.86,11308.54,11243.99,11548.460000000001,11312.299,338,TRAIN
2022-01-05,2981.98,3763.43,5119.91,11865.32,2,1,5,0,11980.87,11277.49,11330.66,11644.507142857143,11334.532666666668,339,TRAIN
2022-01-06,2990.58,3770.28,5180.08,11940.94,3,1,6,0,11865.32,11232.37,11196.34,11728.482857142857,11354.278,340,TRAIN
2022-01-07,2962.09,3800.46,5145.12,11907.67,4,1,7,0,11940.94,11212.19,11206.47,11829.707142857142,11378.739333333335,341,TRAIN
2022-01-08,2959.9,3787.7,5226.39,11973.99,5,1,8,1,11907.67,11959.3,11214.05,11929.061428571427,11400.874333333335,342,TRAIN
2022-01-09,2980.17,3792.02,5128.49,11900.68,6,1,9,1,11973.99,11928.47,11258.86,11931.160000000002,11427.032666666666,343,TRAIN
2022-01-10,2966.36,3814.78,5202.33,11983.47,0,1,10,0,11900.68,11920.86,11252.07,11927.19,11447.878999999999,344,TRAIN
2022-01-11,2976.68,3824.62,5146.02,11947.32,1,1,11,0,11983.47,11980.87,11308.54,11936.134285714286,11474.537333333335,345,TRAIN
2022-01-12,2979.28,3783.08,5162.21,11924.57,2,1,12,0,11947.32,11865.32,11277.49,11931.341428571428,11496.988666666666,346,TRAIN
2022-01-13,2970.53,3829.68,5163.79,11964.0,3,1,13,0,11924.57,11940.94,11232.37,11939.805714285714,11520.670333333333,347,TRAIN
2022-01-14,2972.88,3780.79,5141.34,11895.01,4,1,14,0,11964.0,11907.67,11212.19,11943.1,11544.779,348,TRAIN
2022-01-15,2968.35,3799.45,5118.66,11886.46,5,1,15,1,11895.01,11973.99,11959.3,11941.29142857143,11567.069333333335,349,TRAIN
2022-01-16,2982.26,3793.51,5178.48,11954.25,6,1,16,1,11886.46,11900.68,11928.47,11928.787142857142,11587.363666666668,350,TRAIN
2022-01-17,3005.23,3802.38,5133.53,11941.14,0,1,17,0,11954.25,11983.47,11920.86,11936.44,11611.952333333333,351,TRAIN
2022-01-18,2947.09,3795.89,5166.62,11909.6,1,1,18,0,11941.14,11947.32,11980.87,11930.392857142857,11636.077666666666,352,TRAIN
2022-01-19,2984.24,3794.14,5158.37,11936.75,2,1,19,0,11909.6,11924.57,11865.32,11925.004285714285,11658.389,353,TRAIN
2022-01-20,2983.83,3805.22,5204.47,11993.52,3,1,20,0,11936.75,11964.0,11940.94,11926.744285714287,11681.79,354,TRAIN
2022-01-21,2969.4,3806.28,5131.81,11907.49,4,1,21,0,11993.52,11895.01,11907.67,11930.961428571429,11706.774333333335,355,TRAIN
2022-01-22,2983.39,3796.17,5170.55,11950.11,5,1,22,1,11907.49,11886.46,11973.99,11932.744285714287,11726.002,356,TRAIN
2022-01-23,2982.06,3838.45,5198.98,12019.49,6,1,23,1,11950.11,11954.25,11900.68,11941.837142857143,11751.127666666667,357,TRAIN
2022-01-24,2945.86,3782.49,5169.25,11897.6,0,1,24,0,12019.49,11941.14,11983.47,11951.157142857144,11778.228333333333,358,TRAIN
2022-01-25,3003.49,3808.26,5152.78,11964.53,1,1,25,0,11897.6,11909.6,11947.32,11944.937142857143,11801.013333333334,359,TRAIN
2022-01-26,2946.03,3790.41,5240.52,11976.96,2,1,26,0,11964.53,11936.75,11924.57,11952.784285714284,11824.535666666667,360,TRAIN
2022-01-27,2975.08,3793.98,5128.38,11897.44,3,1,27,0,11976.96,11993.52,11964.0,11958.528571428571,11848.698666666667,361,TRAIN
2022-01-28,2926.22,3787.22,5138.09,11851.53,4,1,28,0,11897.44,11907.49,11895.01,11944.802857142859,11868.328666666668,362,TRAIN
2022-01-29,2942.66,3801.0,5166.1,11909.76,5,1,29,1,11851.53,11950.11,11886.46,11936.808571428572,11887.463333333331,363,TRAIN
2022-01-30,2992.77,3786.39,5167.37,11946.53,6,1,30,1,11909.76,12019.49,11954.25,11931.044285714286,11910.043,364,TRAIN
2022-01-31,2983.53,3797.85,5164.24,11945.62,0,1,31,0,11946.53,11897.6,11941.14,11920.621428571427,11934.521,365,TRAIN
2022-02-01,2951.64,3792.58,5178.15,11922.37,1,2,1,0,11945.62,11964.53,11909.6,11927.48142857143,11934.065,366,TRAIN
2022-02-02,2971.85,3778.41,5138.06,11888.32,2,2,2,0,11922.37,11976.96,11936.75,11921.458571428573,11933.861666666668,367,TRAIN
2022-02-03,3012.52,3786.65,5182.48,11981.65,3,2,3,0,11888.32,11897.44,11993.52,11908.795714285716,11932.777,368,TRAIN
2022-02-04,2974.76,3777.47,5165.11,11917.34,4,2,4,0,11981.65,11851.53,11907.49,11920.825714285715,11932.802999999998,369,TRAIN
2022-02-05,3007.87,3791.92,5184.8,11984.59,5,2,5,1,11917.34,11909.76,11950.11,11930.227142857142,11934.537,370,TRAIN
2022-02-06,3000.4,3747.66,5135.42,11883.48,6,2,6,1,11984.59,11946.53,12019.49,11940.917142857144,11935.992,371,TRAIN
2022-02-07,2961.57,3792.24,5177.64,11931.45,0,2,7,0,11883.48,11945.62,11897.6,11931.910000000002,11935.185666666666,372,TRAIN
2022-02-08,2956.2,3822.2,5168.59,11946.99,1,2,8,0,11931.45,11922.37,11964.53,11929.885714285714,11933.767666666668,373,TRAIN
2022-02-09,2975.07,3795.67,5128.02,11898.76,2,2,9,0,11946.99,11888.32,11976.96,11933.402857142859,11935.311333333335,374,TRAIN
2022-02-10,2970.16,3800.98,5211.47,11982.61,3,2,10,0,11898.76,11981.65,11897.44,11934.894285714285,11932.487666666666,375,TRAIN
2022-02-11,3015.29,3761.21,5185.12,11961.62,4,2,11,0,11982.61,11917.34,11851.53,11935.031428571428,11933.664,376,TRAIN
2022-02-12,2994.21,3811.35,5143.65,11949.21,5,2,12,1,11961.62,11984.59,11909.76,11941.357142857143,11934.899000000001,377,TRAIN
2022-02-13,2962.94,3810.32,5100.63,11873.89,6,2,13,1,11949.21,11883.48,11946.53,11936.302857142859,11934.405999999999,378,TRAIN
2022-02-14,2986.43,3789.25,5158.08,11933.76,0,2,14,0,11873.89,11931.45,11945.62,11934.932857142858,11933.702,379,TRAIN
2022-02-15,2979.73,3798.76,5114.67,11893.16,1,2,15,0,11933.76,11946.99,11922.37,11935.262857142856,11935.278666666667,380,TRAIN
2022-02-16,2982.16,3767.95,5173.37,11923.48,2,2,16,0,11893.16,11898.76,11888.32,11927.572857142857,11933.242333333334,381,TRAIN
2022-02-17,2992.7,3797.31,5189.81,11979.82,3,2,17,0,11923.48,11982.61,11981.65,11931.104285714286,11932.653666666667,382,TRAIN
2022-02-18,2948.86,3773.32,5193.39,11915.57,4,2,18,0,11979.82,11961.62,11917.34,11930.705714285714,11934.994333333334,383,TRAIN
2022-02-19,2971.89,3795.12,5124.84,11891.85,5,2,19,1,11915.57,11949.21,11984.59,11924.127142857144,11934.288333333334,384,TRAIN
2022-02-20,2927.92,3792.53,5080.79,11801.24,6,2,20,1,11891.85,11873.89,11883.48,11915.932857142858,11930.899333333333,385,TRAIN
2022-02-21,2987.61,3792.9,5196.1,11976.61,0,2,21,0,11801.24,11933.76,11931.45,11905.554285714286,11927.357666666667,386,TRAIN
2022-02-22,2984.31,3827.47,5215.9,12027.68,1,2,22,0,11976.61,11893.16,11946.99,11911.675714285715,11928.241,387,TRAIN
2022-02-23,2979.03,3839.9,5132.23,11951.16,2,2,23,0,12027.68,11923.48,11898.76,11930.892857142857,11928.514000000001,388,TRAIN
2022-02-24,2983.31,3761.44,5140.05,11884.8,3,2,24,0,11951.16,11979.82,11982.61,11934.847142857145,11930.299333333332,389,TRAIN
2022-02-25,2938.15,3799.26,5181.16,11918.57,4,2,25,0,11884.8,11915.57,11961.62,11921.272857142858,11927.641666666666,390,TRAIN
2022-02-26,2966.56,3789.98,5115.12,11871.66,5,2,26,1,11918.57,11891.85,11949.21,11921.701428571429,11925.695333333333,391,TRAIN
2022-02-27,2965.19,3787.29,5222.34,11974.82,6,2,27,1,11871.66,11801.24,11873.89,11918.817142857142,11924.836,392,TRAIN
2022-02-28,3019.64,3806.73,5108.72,11935.09,0,2,28,0,11974.82,11976.61,11933.76,11943.614285714286,11928.945666666667,393,TRAIN
2022-03-01,2937.43,4335.3,5114.44,12387.17,1,3,1,0,11935.09,12027.68,11893.16,11937.682857142858,11929.79,394,TRAIN
2022-03-02,2986.18,4347.47,5134.8,12468.45,2,3,2,0,12387.17,11951.16,11923.48,11989.038571428571,11944.478,395,TRAIN
2022-03-03,2981.21,4350.18,5155.99,12487.38,3,3,3,0,12468.45,11884.8,11979.82,12062.937142857143,11961.905666666666,396,TRAIN
2022-03-04,2973.18,4353.81,5150.5,12477.49,4,3,4,0,12487.38,11918.57,11915.57,12149.020000000002,11980.739333333333,397,TRAIN
2022-03-05,2965.73,4367.33,5168.53,12501.59,5,3,5,1,12477.49,11871.66,11891.85,12228.865714285714,12000.378333333332,398,TRAIN
2022-03-06,2978.87,4349.19,5146.39,12474.45,6,3,6,1,12501.59,11974.82,11801.24,12318.855714285713,12017.709666666668,399,TRAIN
2022-03-07,2978.33,4361.65,5169.97,12509.95,0,3,7,0,12474.45,11935.09,11976.61,12390.23142857143,12036.279999999999,400,TRAIN
2022-03-08,3011.28,4390.01,5173.81,12575.1,1,3,8,0,12509.95,12387.17,12027.68,12472.354285714286,12053.792,401,TRAIN
2022-03-09,2961.95,4348.59,5181.69,12492.23,2,3,9,0,12575.1,12468.45,11951.16,12499.201428571429,12076.846,402,TRAIN
2022-03-10,3045.75,4340.44,5229.26,12615.45,3,3,10,0,12492.23,12487.38,11884.8,12502.598571428573,12095.538666666667,403,TRAIN
2022-03-11,2975.24,4362.34,5118.72,12456.3,4,3,11,0,12615.45,12477.49,11918.57,12520.894285714285,12117.820666666667,404,TRAIN
2022-03-12,2929.74,4354.85,5120.91,12405.5,5,3,12,1,12456.3,12501.59,11871.66,12517.867142857143,12136.405333333332,405,TRAIN
2022-03-13,2977.86,4345.58,5140.97,12464.41,6,3,13,1,12405.5,12474.45,11974.82,12504.140000000001,12150.501666666667,406,TRAIN
2022-03-14,2959.26,4345.13,5091.89,12396.28,0,3,14,0,12464.41,12509.95,11935.09,12502.705714285714,12167.261333333332,407,TRAIN
2022-03-15,2935.99,4332.26,5147.2,12415.45,1,3,15,0,12396.28,12575.1,12387.17,12486.467142857144,12182.163666666667,408,TRAIN
2022-03-16,3013.2,4394.49,5088.86,12496.55,2,3,16,0,12415.45,12492.23,12468.45,12463.660000000002,12200.215666666667,409,TRAIN
2022-03-17,2992.36,4372.8,5158.91,12524.07,3,3,17,0,12496.55,12615.45,12487.38,12464.277142857143,12218.975333333334,410,TRAIN
2022-03-18,2982.66,4351.44,5125.68,12459.78,4,3,18,0,12524.07,12456.3,12477.49,12451.222857142857,12240.005666666666,411,TRAIN
2022-03-19,2969.64,4367.35,5167.18,12504.17,5,3,19,1,12459.78,12405.5,12501.59,12451.72,12257.882333333333,412,TRAIN
2022-03-20,2992.09,4392.64,5166.83,12551.56,6,3,20,1,12504.17,12464.41,12474.45,12465.815714285713,12275.360666666667,413,TRAIN
2022-03-21,2939.04,4351.37,5112.47,12402.88,0,3,21,0,12551.56,12396.28,12509.95,12478.265714285712,12296.560333333333,414,TRAIN
2022-03-22,2993.77,4333.12,5211.28,12538.17,1,3,22,0,12402.88,12415.45,12575.1,12479.20857142857,12313.594666666668,415,TRAIN
2022-03-23,2989.12,4377.68,5081.5,12448.3,2,3,23,0,12538.17,12496.55,12492.23,12496.74,12338.159000000001,416,TRAIN
2022-03-24,2968.87,4343.26,5194.0,12506.13,3,3,24,0,12448.3,12524.07,12615.45,12489.847142857141,12353.882000000001,417,TRAIN
2022-03-25,2985.81,4362.91,5163.2,12511.92,4,3,25,0,12506.13,12459.78,12456.3,12487.284285714286,12369.830333333335,418,TRAIN
2022-03-26,2980.5,4360.53,5162.47,12503.5,5,3,26,1,12511.92,12504.17,12405.5,12494.732857142857,12388.522333333332,419,TRAIN
2022-03-27,2971.26,4344.71,5154.01,12469.98,6,3,27,1,12503.5,12551.56,12464.41,12494.637142857144,12409.145666666667,420,TRAIN
2022-03-28,2971.04,4379.68,5196.51,12547.23,0,3,28,0,12469.98,12402.88,12396.28,12482.982857142855,12427.526000000002,421,TRAIN
2022-03-29,2991.08,4332.07,5142.56,12465.71,1,3,29,0,12547.23,12538.17,12415.45,12503.604285714286,12450.045000000002,422,TRAIN
2022-03-30,2995.51,4351.83,5137.11,12484.45,2,3,30,0,12465.71,12448.3,12496.55,12493.252857142857,12466.408,423,TRAIN
2022-03-31,2958.57,4379.77,5205.62,12543.96,3,3,31,0,12484.45,12506.13,12524.07,12498.417142857143,12484.72,424,TRAIN
2022-04-01,2993.51,4367.63,5094.53,12455.67,4,4,1,0,12543.96,12511.92,12459.78,12503.82142857143,12489.946333333333,425,TRAIN
2022-04-02,2951.0,4359.97,5144.34,12455.31,5,4,2,1,12455.67,12503.5,12504.17,12495.785714285714,12489.520333333332,426,TRAIN
2022-04-03,2991.0,4355.44,5103.26,12449.7,6,4,3,1,12455.31,12469.98,12551.56,12488.901428571427,12488.451333333333,427,TRAIN
2022-04-04,2962.84,4372.02,5169.42,12504.28,0,4,4,0,12449.7,12547.23,12402.88,12486.004285714285,12487.525,428,TRAIN
2022-04-05,2978.7,4357.62,5179.79,12516.11,1,4,5,0,12504.28,12465.71,12538.17,12479.868571428571,12487.614666666666,429,TRAIN
2022-04-06,2964.06,4360.97,5117.55,12442.58,2,4,6,0,12516.11,12484.45,12448.3,12487.06857142857,12489.003333333334,430,TRAIN
2022-04-07,2980.02,4346.37,5238.88,12565.27,3,4,7,0,12442.58,12543.96,12506.13,12481.087142857143,12486.757666666666,431,TRAIN
2022-04-08,2979.48,4360.59,5140.28,12480.35,4,4,8,0,12565.27,12455.67,12511.92,12484.131428571429,12486.429999999998,432,TRAIN
2022-04-09,2940.49,4327.21,5192.38,12460.08,5,4,9,1,12480.35,12455.31,12503.5,12487.657142857142,12486.034000000001,433,TRAIN
2022-04-10,2986.71,4359.49,5181.86,12528.06,6,4,10,1,12460.08,12449.7,12469.98,12488.33857142857,12480.855,434,TRAIN
2022-04-11,2985.99,4359.22,5157.01,12502.22,0,4,11,0,12528.06,12504.28,12547.23,12499.532857142856,12483.247,435,TRAIN
2022-04-12,2980.97,4381.05,5153.87,12515.89,1,4,12,0,12502.22,12516.11,12465.71,12499.238571428572,12486.471,436,TRAIN
2022-04-13,3014.19,4390.28,5169.73,12574.2,2,4,13,0,12515.89,12442.58,12484.45,12499.207142857142,12488.187000000002,437,TRAIN
2022-04-14,2999.26,4357.28,5121.21,12477.75,3,4,14,0,12574.2,12565.27,12543.96,12518.01,12494.117666666665,438,TRAIN
2022-04-15,2973.12,4338.49,5136.43,12448.04,4,4,15,0,12477.75,12480.35,12455.67,12505.507142857141,12496.194333333331,439,TRAIN
2022-04-16,2976.16,4349.43,5154.68,12480.27,5,4,16,1,12448.04,12460.08,12455.31,12500.891428571429,12494.577333333333,440,TRAIN
2022-04-17,2981.3,4370.1,5177.22,12528.62,6,4,17,1,12480.27,12528.06,12449.7,12503.775714285715,12493.117333333332,441,TRAIN
2022-04-18,2957.06,4350.46,5133.14,12440.66,0,4,18,0,12528.62,12502.22,12504.28,12503.855714285715,12495.412000000002,442,TRAIN
2022-04-19,2995.9,4378.95,5173.1,12547.95,1,4,19,0,12440.66,12515.89,12516.11,12495.06142857143,12493.295,443,TRAIN
2022-04-20,3009.82,4333.14,5146.95,12489.91,2,4,20,0,12547.95,12574.2,12442.58,12499.641428571429,12493.174666666666,444,TRAIN
2022-04-21,2991.68,4355.26,5129.46,12476.4,3,4,21,0,12489.91,12477.75,12565.27,12487.600000000002,12496.075666666666,445,TRAIN
2022-04-22,2972.76,4373.45,5182.57,12528.78,4,4,22,0,12476.4,12448.04,12480.35,12487.407142857144,12494.016666666666,446,TRAIN
2022-04-23,2967.3,4316.17,5166.71,12450.18,5,4,23,1,12528.78,12480.27,12460.08,12498.941428571428,12496.699333333332,447,TRAIN
2022-04-24,3002.7,4348.07,5090.26,12441.03,6,4,24,1,12450.18,12528.62,12528.06,12494.642857142857,12494.834333333332,448,TRAIN
2022-04-25,2992.13,4379.5,5188.82,12560.45,0,4,25,0,12441.03,12440.66,12502.22,12482.130000000001,12492.471333333333,449,TRAIN
2022-04-26,2992.15,4354.16,5166.91,12513.22,1,4,26,0,12560.45,12547.95,12515.89,12499.242857142857,12494.369666666667,450,TRAIN
2022-04-27,3005.19,4361.44,5092.66,12459.29,2,4,27,0,12513.22,12489.91,12574.2,12494.281428571428,12495.810999999998,451,TRAIN
2022-04-28,2984.9,4370.41,5169.63,12524.94,3,4,28,0,12459.29,12476.4,12477.75,12489.907142857144,12492.879666666668,452,TRAIN
2022-04-29,2981.44,4383.19,5183.16,12547.79,4,4,29,0,12524.94,12528.78,12448.04,12496.84142857143,12494.854000000001,453,TRAIN
2022-04-30,2968.68,4340.24,5161.27,12470.19,5,4,30,1,12547.79,12450.18,12480.27,12499.557142857144,12496.965333333334,454,TRAIN
2022-05-01,2991.2,4377.39,5185.99,12554.58,6,5,1,1,12470.19,12441.03,12528.62,12502.415714285715,12494.506333333333,455,TRAIN
2022-05-02,2988.46,4358.14,5122.73,12469.33,0,5,2,0,12554.58,12560.45,12440.66,12518.637142857144,12497.803333333335,456,TRAIN
2022-05-03,2988.94,4389.51,5133.33,12511.78,1,5,3,0,12469.33,12513.22,12547.95,12505.62,12498.270666666667,457,TRAIN
2022-05-04,2967.15,4374.09,5150.33,12491.57,2,5,4,0,12511.78,12459.29,12489.91,12505.414285714287,12500.34,458,TRAIN
2022-05-05,2955.64,4381.94,5114.67,12452.25,3,5,5,0,12491.57,12524.94,12476.4,12510.025714285714,12499.916333333333,459,TRAIN
2022-05-06,2974.56,4369.44,5132.75,12476.75,4,5,6,0,12452.25,12547.79,12528.78,12499.641428571427,12497.787666666667,460,TRAIN
2022-05-07,2978.86,4363.75,5140.15,12482.76,5,5,7,1,12476.75,12470.19,12450.18,12489.492857142857,12498.926666666668,461,TRAIN
2022-05-08,2958.33,4350.29,5210.44,12519.06,6,5,8,1,12482.76,12554.58,12441.03,12491.288571428571,12496.176333333335,462,TRAIN
2022-05-09,2976.23,4362.51,5138.87,12477.61,0,5,9,0,12519.06,12469.33,12560.45,12486.214285714286,12497.466666666667,463,TRAIN
2022-05-10,3000.83,4347.59,5211.16,12559.58,1,5,10,0,12477.61,12511.78,12513.22,12487.397142857142,12498.051000000001,464,TRAIN
2022-05-11,2936.09,4349.08,5135.73,12420.9,2,5,11,0,12559.58,12491.57,12459.29,12494.225714285714,12499.101666666667,465,TRAIN
2022-05-12,2954.13,4393.27,5171.46,12518.86,3,5,12,0,12420.9,12452.25,12524.94,12484.130000000001,12496.391,466,TRAIN
2022-05-13,2981.86,4352.77,5186.78,12521.41,4,5,13,0,12518.86,12476.75,12547.79,12493.645714285714,12496.489999999998,467,TRAIN
2022-05-14,2958.41,4372.8,5108.87,12440.08,5,5,14,1,12521.41,12482.76,12470.19,12500.025714285715,12494.730333333335,468,TRAIN
2022-05-15,2980.12,4363.57,5179.13,12522.82,6,5,15,1,12440.08,12519.06,12554.58,12493.92857142857,12493.474666666669,469,TRAIN
2022-05-16,3004.76,4330.97,5090.0,12425.73,0,5,16,0,12522.82,12477.61,12469.33,12494.465714285714,12495.967333333334,470,TRAIN
2022-05-17,2994.51,4352.46,5198.82,12545.79,1,5,17,0,12425.73,12559.58,12511.78,12487.054285714285,12494.149333333335,471,TRAIN
2022-05-18,2980.16,4395.17,5120.39,12495.72,2,5,18,0,12545.79,12420.9,12491.57,12485.084285714285,12494.721666666666,472,TRAIN
2022-05-19,2995.39,4345.09,5149.96,12490.44,3,5,19,0,12495.72,12518.86,12452.25,12495.772857142858,12496.557,473,TRAIN
2022-05-20,2953.35,4373.13,5110.22,12436.7,4,5,20,0,12490.44,12521.41,12476.75,12491.712857142858,12494.640000000001,474,TRAIN
2022-05-21,2958.47,4393.73,5142.33,12494.53,5,5,21,1,12436.7,12440.08,12482.76,12479.611428571428,12492.866333333333,475,TRAIN
2022-05-22,2968.14,4368.12,5140.12,12476.38,6,5,22,1,12494.53,12522.82,12519.06,12487.39,12493.470666666666,476,TRAIN
2022-05-23,2988.95,4325.5,5144.21,12458.66,0,5,23,0,12476.38,12425.73,12477.61,12480.755714285715,12491.724,477,TRAIN
2022-05-24,2992.25,4382.06,5169.82,12544.13,1,5,24,0,12458.66,12545.79,12559.58,12485.460000000001,12492.006666666666,478,TRAIN
2022-05-25,2959.47,4340.02,5082.61,12382.1,2,5,25,0,12544.13,12495.72,12420.9,12485.222857142857,12495.443333333333,479,TRAIN
2022-05-26,2968.85,4378.34,5145.9,12493.09,3,5,26,0,12382.1,12490.44,12518.86,12468.99142857143,12489.498333333333,480,TRAIN
2022-05-27,2992.93,4361.42,5115.94,12470.29,4,5,27,0,12493.09,12436.7,12521.41,12469.369999999999,12488.827333333333,481,TRAIN
2022-05-28,3007.08,4352.95,5138.07,12498.1,5,5,28,1,12470.29,12494.53,12440.08,12474.16857142857,12489.194,482,TRAIN
2022-05-29,2982.89,4339.17,5119.59,12441.65,6,5,29,1,12498.1,12476.38,12522.82,12474.67857142857,12488.299333333332,483,TRAIN
2022-05-30,3007.22,4359.49,5168.32,12535.03,0,5,30,0,12441.65,12458.66,12425.73,12469.717142857142,12484.761333333334,484,TRAIN
2022-05-31,2981.14,4364.06,5138.66,12483.86,1,5,31,0,12535.03,12544.13,12545.79,12480.627142857145,12486.922666666667,485,TRAIN
2022-06-01,2974.43,3794.56,5100.24,11869.23,2,6,1,0,12483.86,12382.1,12495.72,12472.017142857143,12484.565333333332,486,TRAIN
2022-06-02,2972.87,3784.55,5179.32,11936.74,3,6,2,0,11869.23,12493.09,12490.44,12398.75,12464.562000000002,487,TRAIN
2022-06-03,2981.16,3757.47,5159.01,11897.64,4,6,3,0,11936.74,12470.29,12436.7,12319.271428571428,12445.394,488,TRAIN
2022-06-04,2981.94,3773.66,5116.8,11872.4,5,6,4,1,11897.64,12498.1,12494.53,12237.464285714286,12425.596333333333,489,TRAIN
2022-06-05,2998.64,3766.31,5130.8,11895.75,6,6,5,1,11872.4,12441.65,12476.38,12148.078571428572,12406.268,490,TRAIN
2022-06-06,2976.98,3811.66,5133.16,11921.8,0,6,6,0,11895.75,12535.03,12458.66,12070.092857142858,12386.901333333333,491,TRAIN
2022-06-07,2959.51,3785.47,5198.08,11943.06,1,6,7,0,11921.8,12483.86,12544.13,11982.488571428568,12368.202666666666,492,TRAIN
2022-06-08,2995.85,3813.95,5193.62,12003.42,2,6,8,0,11943.06,11869.23,12382.1,11905.23142857143,12349.002666666665,493,TRAIN
2022-06-09,2987.4,3775.21,5138.98,11901.59,3,6,9,0,12003.42,11936.74,12493.09,11924.401428571427,12333.196333333333,494,TRAIN
2022-06-10,2972.65,3785.95,5154.18,11912.78,4,6,10,0,11901.59,11897.64,12470.29,11919.380000000001,12311.263333333332,495,TRAIN
2022-06-11,2994.09,3822.35,5122.77,11939.21,5,6,11,1,11912.78,11872.4,12498.1,11921.542857142858,12294.326000000001,496,TRAIN
2022-06-12,2992.47,3778.52,5130.73,11901.72,6,6,12,1,11939.21,11895.75,12441.65,11931.087142857143,12275.004333333334,497,TRAIN
2022-06-13,2960.73,3816.81,5137.56,11915.1,0,6,13,0,11901.72,11921.8,12535.03,11931.939999999999,12254.348,498,TRAIN
2022-06-14,2996.35,3776.69,5191.74,11964.78,1,6,14,0,11915.1,11943.06,12483.86,11930.982857142857,12236.848666666665,499,TRAIN
2022-06-15,3003.32,3795.35,5142.21,11940.88,2,6,15,0,11964.78,12003.42,11869.23,11934.085714285713,12218.247333333333,500,TRAIN
2022-06-16,2954.99,3820.65,5170.14,11945.78,3,6,16,0,11940.88,11901.59,11936.74,11925.151428571427,12202.085666666668,501,TRAIN
2022-06-17,2953.06,3789.62,5111.6,11854.28,4,6,17,0,11945.78,11912.78,11897.64,11931.464285714286,12182.085333333333,502,TRAIN
2022-06-18,2996.86,3801.16,5181.42,11979.44,5,6,18,1,11854.28,11939.21,11872.4,11923.107142857143,12160.704,503,TRAIN
2022-06-19,2947.76,3778.59,5125.15,11851.5,6,6,19,1,11979.44,11901.72,11895.75,11928.854285714286,12143.670666666667,504,TRAIN
2022-06-20,2995.73,3806.0,5164.88,11966.61,0,6,20,0,11851.5,11915.1,11921.8,11921.680000000002,12124.164,505,TRAIN
2022-06-21,2967.49,3764.92,5155.2,11887.61,1,6,21,0,11966.61,11964.78,11943.06,11929.038571428571,12106.566666666668,506,TRAIN
2022-06-22,2958.24,3783.11,5187.45,11928.8,2,6,22,0,11887.61,11940.88,12003.42,11918.014285714287,12086.940999999999,507,TRAIN
2022-06-23,3003.01,3818.6,5182.97,12004.58,3,6,23,0,11928.8,11945.78,11901.59,11916.288571428571,12069.279,508,TRAIN
2022-06-24,3024.24,3745.89,5177.12,11947.25,4,6,24,0,12004.58,11854.28,11912.78,11924.688571428573,12051.294,509,TRAIN
2022-06-25,2964.96,3780.2,5188.18,11933.34,5,6,25,1,11947.25,11979.44,11939.21,11937.970000000001,12036.798999999999,510,TRAIN
2022-06-26,2984.58,3814.47,5104.46,11903.51,6,6,26,1,11933.34,11851.5,11901.72,11931.384285714286,12018.140666666668,511,TRAIN
2022-06-27,2954.98,3815.89,5178.35,11949.22,0,6,27,0,11903.51,11966.61,11915.1,11938.814285714285,11999.248,512,TRAIN
2022-06-28,2988.93,3854.18,5149.0,11992.11,1,6,28,0,11949.22,11887.61,11964.78,11936.33,11980.952,513,TRAIN
2022-06-29,2962.44,3804.55,5102.76,11869.75,2,6,29,0,11992.11,11928.8,11940.88,11951.25857142857,11965.967333333332,514,TRAIN
2022-06-30,2988.84,3792.99,5131.44,11913.27,3,6,30,0,11869.75,12004.58,11945.78,11942.822857142857,11943.791333333333,515,TRAIN
2022-07-01,2976.57,3811.84,5153.74,11942.15,4,7,1,0,11913.27,11947.25,11854.28,11929.778571428571,11924.771666666667,516,TRAIN
2022-07-02,2973.91,3823.11,5202.52,11999.54,5,7,2,1,11942.15,11933.34,11979.44,11929.05,11927.202333333333,517,TRAIN
2022-07-03,2979.95,3802.35,5162.33,11944.63,6,7,3,1,11999.54,11903.51,11851.5,11938.507142857143,11929.295666666667,518,TRAIN
2022-07-04,2988.86,3784.42,5133.86,11907.14,0,7,4,0,11944.63,11949.22,11966.61,11944.381428571429,11930.862,519,TRAIN
2022-07-05,2978.69,3797.36,5101.51,11877.56,1,7,5,0,11907.14,11992.11,11887.61,11938.369999999999,11932.02,520,TRAIN
2022-07-06,2973.34,3809.98,5164.04,11947.36,2,7,6,0,11877.56,11869.75,11928.8,11922.005714285715,11931.413666666667,521,TRAIN
2022-07-07,2994.89,3790.21,5170.7,11955.8,3,7,7,0,11947.36,11913.27,12004.58,11933.092857142856,11932.265666666668,522,TRAIN
2022-07-08,3002.21,3791.43,5166.46,11960.1,4,7,8,0,11955.8,11942.15,11947.25,11939.16857142857,11932.690333333334,523,TRAIN
2022-07-09,2959.85,3780.71,5120.89,11861.45,5,7,9,1,11960.1,11999.54,11933.34,11941.732857142857,11931.246333333333,524,TRAIN
2022-07-10,2964.91,3793.29,5191.56,11949.76,6,7,10,1,11861.45,11944.63,11903.51,11922.005714285713,11929.908333333333,525,TRAIN
2022-07-11,2988.18,3813.3,5085.22,11886.7,0,7,11,0,11949.76,11907.14,11949.22,11922.738571428574,11931.141,526,TRAIN
2022-07-12,2964.57,3797.87,5144.54,11906.98,1,7,12,0,11886.7,11877.56,11992.11,11919.818571428574,11929.390666666668,527,TRAIN
2022-07-13,2974.71,3784.06,5146.97,11905.74,2,7,13,0,11906.98,11947.36,11869.75,11924.02142857143,11929.565999999999,528,TRAIN
2022-07-14,2962.81,3794.62,5142.45,11899.88,3,7,14,0,11905.74,11955.8,11913.27,11918.075714285716,11929.253999999999,529,TRAIN
2022-07-15,2980.85,3816.06,5146.55,11943.46,4,7,15,0,11899.88,11960.1,11942.15,11910.087142857143,11927.090666666665,530,TRAIN
2022-07-16,2980.31,3789.22,5174.91,11944.44,5,7,16,1,11943.46,11861.45,11999.54,11907.710000000001,11927.176666666666,531,TRAIN
2022-07-17,2971.02,3818.08,5198.26,11987.36,6,7,17,1,11944.44,11949.76,11944.63,11919.565714285714,11927.132000000001,532,TRAIN
2022-07-18,2988.03,3817.95,5158.49,11964.47,0,7,18,0,11987.36,11886.7,11907.14,11924.937142857145,11931.568,533,TRAIN
2022-07-19,2994.48,3788.41,5165.5,11948.39,1,7,19,0,11964.47,11906.98,11877.56,11936.047142857142,11931.069,534,TRAIN
2022-07-20,2982.01,3787.36,5129.54,11898.91,2,7,20,0,11948.39,11905.74,11947.36,11941.962857142857,11934.298666666666,535,TRAIN
2022-07-21,3009.97,3818.31,5120.83,11949.11,3,7,21,0,11898.91,11899.88,11955.8,11940.98714285714,11932.042,536,TRAIN
2022-07-22,2956.55,3802.27,5143.88,11902.7,4,7,22,0,11949.11,11943.46,11960.1,11948.02,11934.092,537,TRAIN
2022-07-23,2939.74,3798.36,5190.81,11928.91,5,7,23,1,11902.7,11944.44,11861.45,11942.197142857143,11933.222000000002,538,TRAIN
2022-07-24,2972.22,3823.25,5157.23,11952.7,6,7,24,1,11928.91,11987.36,11949.76,11939.97857142857,11930.699666666666,539,TRAIN
2022-07-25,2971.65,3789.86,5149.64,11911.15,0,7,25,0,11952.7,11964.47,11886.7,11935.027142857143,11930.881333333333,540,TRAIN
2022-07-26,2976.05,3791.68,5073.65,11841.38,1,7,26,0,11911.15,11948.39,11906.98,11927.41,11930.141666666666,541,TRAIN
2022-07-27,2988.32,3806.25,5189.59,11984.16,2,7,27,0,11841.38,11898.91,11905.74,11912.12285714286,11928.070666666667,542,TRAIN
2022-07-28,2978.28,3796.84,5147.89,11923.01,3,7,28,0,11984.16,11949.11,11899.88,11924.301428571429,11929.235333333334,543,TRAIN
2022-07-29,2992.05,3773.84,5168.21,11934.1,4,7,29,0,11923.01,11902.7,11943.46,11920.572857142859,11926.932,544,TRAIN
2022-07-30,2959.86,3761.11,5139.0,11859.97,5,7,30,1,11934.1,11928.91,11944.44,11925.05857142857,11929.077,545,TRAIN
2022-07-31,2963.83,3782.06,5117.15,11863.04,6,7,31,1,11859.97,11952.7,11987.36,11915.210000000001,11927.300333333334,546,TRAIN
2022-08-01,2994.35,3781.34,5176.08,11951.77,0,8,1,0,11863.04,11911.15,11964.47,11902.401428571427,11924.663333333332,547,TRAIN
2022-08-02,2978.87,3785.83,5161.67,11926.37,1,8,2,0,11951.77,11841.38,11948.39,11908.204285714284,11923.071,548,TRAIN
2022-08-03,2993.54,3818.47,5155.14,11967.15,2,8,3,0,11926.37,11984.16,11898.91,11920.345714285713,11922.462333333333,549,TRAIN
2022-08-04,2947.31,3804.97,5196.74,11949.02,3,8,4,0,11967.15,11923.01,11949.11,11917.915714285715,11924.462666666666,550,TRAIN
2022-08-05,2981.6,3778.13,5193.31,11953.04,4,8,5,0,11949.02,11934.1,11902.7,11921.631428571429,11926.844666666666,551,TRAIN
2022-08-06,3011.58,3786.54,5097.48,11895.6,5,8,6,1,11953.04,11859.97,11928.91,11924.337142857143,11927.034000000001,552,TRAIN
2022-08-07,2991.79,3813.6,5149.06,11954.45,6,8,7,1,11895.6,11863.04,11952.7,11929.427142857143,11925.027333333333,553,TRAIN
2022-08-08,2960.9,3788.9,5162.0,11911.8,0,8,8,0,11954.45,11951.77,11911.15,11942.485714285713,11924.839000000002,554,TRAIN
2022-08-09,2981.18,3748.5,5162.82,11892.5,1,8,9,0,11911.8,11926.37,11841.38,11936.775714285715,11926.517333333333,555,TRAIN
2022-08-10,2973.22,3809.28,5148.16,11930.66,2,8,10,0,11892.5,11967.15,11984.16,11931.937142857143,11924.608666666667,556,TRAIN
2022-08-11,2951.46,3810.37,5179.26,11941.09,3,8,11,0,11930.66,11949.02,11923.01,11926.724285714286,11926.073999999999,557,TRAIN
2022-08-12,2987.8,3767.4,5144.14,11899.34,4,8,12,0,11941.09,11953.04,11934.1,11925.591428571428,11927.211000000001,558,TRAIN
2022-08-13,2959.45,3772.22,5155.23,11886.9,5,8,13,1,11899.34,11895.6,11859.97,11917.92,11926.997666666668,559,TRAIN
2022-08-14,2972.77,3774.69,5119.75,11867.21,6,8,14,1,11886.9,11954.45,11863.04,11916.677142857143,11926.565,560,TRAIN
2022-08-15,2967.6,3813.52,5156.47,11937.59,0,8,15,0,11867.21,11911.8,11951.77,11904.214285714286,11924.023333333334,561,TRAIN
2022-08-16,2987.69,3811.63,5152.32,11951.64,1,8,16,0,11937.59,11892.5,11926.37,11907.89857142857,11923.795,562,TRAIN
2022-08-17,2988.43,3769.2,5150.07,11907.7,2,8,17,0,11951.64,11930.66,11967.15,11916.347142857141,11922.604333333333,563,TRAIN
2022-08-18,2971.76,3794.54,5140.47,11906.77,3,8,18,0,11907.7,11941.09,11949.02,11913.067142857142,11920.712,564,TRAIN
2022-08-19,2968.05,3819.01,5133.45,11920.51,4,8,19,0,11906.77,11899.34,11953.04,11908.164285714285,11919.32466666667,565,TRAIN
2022-08-20,2952.08,3823.38,5118.92,11894.38,5,8,20,1,11920.51,11886.9,11895.6,11911.188571428573,11920.044666666665,566,TRAIN
2022-08-21,2967.06,3792.45,5114.94,11874.45,6,8,21,1,11894.38,11867.21,11954.45,11912.257142857141,11918.220333333333,567,TRAIN
2022-08-22,2950.2,3780.65,5104.5,11835.35,0,8,22,0,11874.45,11937.59,11911.8,11913.29142857143,11917.278666666667,568,TRAIN
2022-08-23,2998.58,3795.79,5134.25,11928.62,1,8,23,0,11835.35,11951.64,11892.5,11898.685714285715,11914.160000000002,569,TRAIN
2022-08-24,2982.82,3795.15,5158.73,11936.7,2,8,24,0,11928.62,11907.7,11930.66,11895.397142857144,11913.357333333335,570,TRAIN
2022-08-25,2991.89,3805.11,5133.72,11930.72,3,8,25,0,11936.7,11906.77,11941.09,11899.539999999999,11914.208999999999,571,TRAIN
2022-08-26,2972.52,3834.64,5173.32,11980.48,4,8,26,0,11930.72,11920.51,11899.34,11902.96142857143,11917.187,572,TRAIN
2022-08-27,2990.62,3811.59,5144.77,11946.98,5,8,27,1,11980.48,11894.38,11886.9,11911.528571428571,11917.064333333334,573,TRAIN
2022-08-28,2966.59,3779.76,5152.95,11899.3,6,8,28,1,11946.98,11874.45,11867.21,11919.042857142858,11917.863333333335,574,TRAIN
2022-08-29,2980.92,3807.3,5173.58,11961.8,0,8,29,0,11899.3,11835.35,11937.59,11922.592857142856,11916.703333333335,575,TRAIN
2022-08-30,2972.42,3800.43,5149.55,11922.4,1,8,30,0,11961.8,11928.62,11951.64,11940.657142857144,11920.097666666667,576,TRAIN
2022-08-31,3014.51,3747.82,5159.94,11922.27,2,8,31,0,11922.4,11936.7,11907.7,11939.76857142857,11922.076333333334,577,TRAIN
2022-09-01,2985.64,3761.3,5197.19,11944.13,3,9,1,0,11922.27,11930.72,11906.77,11937.707142857142,11921.092999999999,578,TRAIN
2022-09-02,3001.89,3784.51,5100.92,11887.32,4,9,2,0,11944.13,11980.48,11920.51,11939.622857142855,11921.685,579,TRAIN
2022-09-03,2964.96,3815.68,5158.14,11938.78,5,9,3,1,11887.32,11946.98,11894.38,11926.314285714285,11919.024,580,TRAIN
2022-09-04,2995.18,3771.66,5116.11,11882.95,6,9,4,1,11938.78,11899.3,11874.45,11925.142857142857,11918.682666666668,581,TRAIN
2022-09-05,2981.34,3805.82,5154.03,11941.19,0,9,5,0,11882.95,11961.8,11835.35,11922.807142857142,11916.346333333331,582,TRAIN
2022-09-06,2959.82,3830.41,5129.44,11919.67,1,9,6,0,11941.19,11922.4,11928.62,11919.862857142856,11917.866,583,TRAIN
2022-09-07,2977.66,3791.46,5120.92,11890.04,2,9,7,0,11919.67,11922.27,11936.7,11919.472857142857,11916.706666666667,584,TRAIN
2022-09-08,2973.86,3782.79,5139.76,11896.41,3,9,8,0,11890.04,11944.13,11930.72,11914.868571428571,11915.981333333333,585,TRAIN
2022-09-09,2996.23,3765.03,5206.72,11967.98,4,9,9,0,11896.41,11887.32,11980.48,11908.05142857143,11916.111666666666,586,TRAIN
2022-09-10,3024.23,3802.53,5124.12,11950.88,5,9,10,1,11967.98,11938.78,11946.98,11919.574285714287,11917.355666666668,587,TRAIN
2022-09-11,2998.18,3773.19,5162.62,11933.99,6,9,11,1,11950.88,11882.95,11899.3,11921.302857142857,11917.682,588,TRAIN
2022-09-12,2953.2,3811.03,5158.76,11922.99,0,9,12,0,11933.99,11941.19,11961.8,11928.594285714285,11918.837,589,TRAIN
2022-09-13,3001.46,3758.13,5134.07,11893.66,1,9,13,0,11922.99,11919.67,11922.4,11925.994285714287,11920.04,590,TRAIN
2022-09-14,2940.78,3744.62,5137.98,11823.38,2,9,14,0,11893.66,11890.04,11922.27,11922.278571428573,11920.921666666665,591,TRAIN
2022-09-15,2963.62,3825.38,5182.36,11971.36,3,9,15,0,11823.38,11896.41,11944.13,11912.755714285713,11917.114666666666,592,TRAIN
2022-09-16,2975.22,3786.88,5109.99,11872.09,4,9,16,0,11971.36,11967.98,11887.32,11923.462857142857,11917.772,593,TRAIN
2022-09-17,2987.67,3783.07,5125.99,11896.73,5,9,17,1,11872.09,11950.88,11938.78,11909.764285714284,11916.585,594,TRAIN
2022-09-18,2965.68,3757.42,5144.11,11867.21,6,9,18,1,11896.73,11933.99,11882.95,11902.028571428573,11916.250333333332,595,TRAIN
2022-09-19,2973.62,3784.41,5169.34,11927.37,0,9,19,0,11867.21,11922.99,11941.19,11892.488571428572,11914.473666666667,596,TRAIN
2022-09-20,2996.8,3789.81,5124.91,11911.52,1,9,20,0,11927.37,11893.66,11919.67,11893.114285714284,11915.573333333334,597,TRAIN
2022-09-21,2924.02,3785.21,5096.37,11805.6,2,9,21,0,11911.52,11823.38,11890.04,11895.665714285713,11916.809000000001,598,TRAIN
2022-09-22,2970.23,3797.34,5230.03,11997.6,3,9,22,0,11805.6,11971.36,11896.41,11893.125714285716,11915.817333333332,599,TRAIN
2022-09-23,2976.1,3785.06,5148.74,11909.9,4,9,23,0,11997.6,11872.09,11967.98,11896.874285714284,11918.116666666667,600,TRAIN
2022-09-24,2990.82,3814.22,5161.7,11966.74,5,9,24,1,11909.9,11896.73,11950.88,11902.275714285715,11917.223333333333,601,TRAIN
2022-09-25,2974.49,3779.91,5160.01,11914.41,6,9,25,1,11966.74,11867.21,11933.99,11912.277142857143,11918.423999999999,602,TRAIN
2022-09-26,2984.53,3797.62,5148.36,11930.51,0,9,26,0,11914.41,11927.37,11922.99,11919.02,11916.221666666668,603,TRAIN
2022-09-27,2992.29,3775.92,5126.81,11895.02,1,9,27,0,11930.51,11911.52,11893.66,11919.468571428572,11915.672666666667,604,TRAIN
2022-09-28,2969.99,3761.62,5149.98,11881.59,2,9,28,0,11895.02,11805.6,11823.38,11917.111428571428,11915.529999999999,605,TRAIN
2022-09-29,2983.98,3807.51,5156.91,11948.4,3,9,29,0,11881.59,11997.6,11971.36,11927.967142857144,11912.856333333333,606,TRAIN
2022-09-30,2987.21,3800.14,5153.99,11941.34,4,9,30,0,11948.4,11909.9,11872.09,11920.938571428573,11913.722999999998,607,TRAIN
2022-10-01,2985.39,3775.88,5168.37,11929.64,5,10,1,1,11941.34,11966.74,11896.73,11925.429999999998,11914.358666666667,608,TRAIN
2022-10-02,2974.11,3780.38,5160.01,11914.5,6,10,2,1,11929.64,11914.41,11867.21,11920.13,11913.875666666667,609,TRAIN
2022-10-03,2973.99,3806.07,5127.25,11907.31,0,10,3,0,11914.5,11930.51,11927.37,11920.142857142857,11914.781666666668,610,TRAIN
2022-10-04,3001.86,3799.1,5223.72,12024.68,1,10,4,0,11907.31,11895.02,11911.52,11916.82857142857,11913.732666666667,611,TRAIN
2022-10-05,2975.32,3772.87,5162.11,11910.3,2,10,5,0,12024.68,11881.59,11805.6,11935.35142857143,11918.457,612,TRAIN
2022-10-06,2964.82,3787.39,5141.47,11893.68,3,10,6,0,11910.3,11948.4,11997.6,11939.452857142856,11917.427333333333,613,TRAIN
2022-10-07,2986.63,3824.75,5134.27,11945.65,4,10,7,0,11893.68,11941.34,11909.9,11931.635714285714,11916.560999999998,614,TRAIN
2022-10-08,2985.24,3764.2,5146.38,11895.82,5,10,8,1,11945.65,11929.64,11966.74,11932.25142857143,11918.414666666667,615,TRAIN
2022-10-09,2954.46,3770.32,5193.79,11918.57,6,10,9,1,11895.82,11914.5,11914.41,11927.42,11918.395,616,TRAIN
2022-10-10,2977.65,3803.11,5231.85,12012.61,0,10,10,0,11918.57,11907.31,11930.51,11928.00142857143,11916.748,617,TRAIN
2022-10-11,2952.32,3779.72,5210.54,11942.58,1,10,11,0,12012.61,12024.68,11895.02,11943.044285714286,11918.805666666665,618,TRAIN
2022-10-12,2957.89,3752.38,5151.45,11861.72,2,10,12,0,11942.58,11910.3,11881.59,11931.315714285713,11919.092,619,TRAIN
2022-10-13,2978.79,3782.81,5135.65,11897.25,3,10,13,0,11861.72,11893.68,11948.4,11924.375714285712,11917.049666666666,620,TRAIN
2022-10-14,2981.91,3791.26,5154.07,11927.24,4,10,14,0,11897.25,11945.65,11941.34,11924.885714285714,11917.169333333333,621,TRAIN
2022-10-15,3007.79,3811.78,5218.32,12037.89,5,10,15,1,11927.24,11895.82,11929.64,11922.255714285713,11920.631333333333,622,TRAIN
2022-10-16,2976.37,3798.39,5126.94,11901.7,6,10,16,1,12037.89,11918.57,11914.5,11942.551428571429,11922.848999999998,623,TRAIN
2022-10-17,2963.49,3783.37,5165.15,11912.01,0,10,17,0,11901.7,12012.61,11907.31,11940.141428571429,11923.836000000001,624,TRAIN
2022-10-18,3002.86,3794.84,5164.59,11962.29,1,10,18,0,11912.01,11942.58,12024.68,11925.770000000002,11924.345333333335,625,TRAIN
2022-10-19,2955.45,3787.35,5178.7,11921.5,2,10,19,0,11962.29,11861.72,11910.3,11928.585714285715,11927.514666666666,626,TRAIN
2022-10-20,2975.05,3763.93,5154.96,11893.94,3,10,20,0,11921.5,11897.25,11893.68,11937.125714285716,11927.319,627,TRAIN
2022-10-21,2957.06,3816.58,5110.49,11884.13,4,10,21,0,11893.94,11927.24,11945.65,11936.652857142859,11926.733,628,TRAIN
2022-10-22,2946.51,3818.0,5108.34,11872.85,5,10,22,1,11884.13,12037.89,11895.82,11930.494285714285,11929.350666666667,629,TRAIN
2022-10-23,2999.85,3786.82,5180.27,11966.94,6,10,23,1,11872.85,11901.7,11918.57,11906.917142857143,11925.192333333332,630,TRAIN
2022-10-24,2954.33,3819.08,5186.7,11960.11,0,10,24,0,11966.94,11912.01,12012.61,11916.237142857144,11927.093666666666,631,TRAIN
2022-10-25,3023.18,3793.77,5169.94,11986.89,1,10,25,0,11960.11,11962.29,11942.58,11923.108571428571,11926.872666666668,632,TRAIN
2022-10-26,2977.77,3818.05,5160.48,11956.3,2,10,26,0,11986.89,11921.5,11861.72,11926.622857142856,11929.288666666665,633,TRAIN
2022-10-27,2991.22,3795.43,5195.76,11982.41,3,10,27,0,11956.3,11893.94,11897.25,11931.594285714285,11930.148333333333,634,TRAIN
2022-10-28,2981.89,3804.45,5095.53,11881.87,4,10,28,0,11982.41,11884.13,11927.24,11944.232857142857,11933.061333333335,635,TRAIN
2022-10-29,2982.71,3778.61,5158.93,11920.25,5,10,29,1,11881.87,11872.85,12037.89,11943.91,11933.070666666667,636,TRAIN
2022-10-30,2959.81,3807.66,5138.19,11905.66,6,10,30,1,11920.25,11966.94,11901.7,11950.68142857143,11932.132333333333,637,TRAIN
2022-10-31,2979.79,3748.75,5200.59,11929.13,0,10,31,0,11905.66,11960.11,11912.01,11941.927142857143,11930.943,638,TRAIN
2022-11-01,2982.43,3777.78,5151.02,11911.23,1,11,1,0,11929.13,11986.89,11962.29,11937.501428571428,11930.926,639,TRAIN
2022-11-02,2977.86,3804.58,5131.43,11913.87,2,11,2,0,11911.23,11956.3,11921.5,11926.692857142858,11930.817000000001,640,TRAIN
2022-11-03,2995.32,3805.14,5094.86,11895.32,3,11,3,0,11913.87,11982.41,11893.94,11920.631428571429,11931.035666666667,641,TRAIN
2022-11-04,2959.09,3831.95,5150.66,11941.7,4,11,4,0,11895.32,11881.87,11884.13,11908.19,11926.723666666667,642,TRAIN
2022-11-05,2950.93,3787.13,5150.55,11888.61,5,11,5,1,11941.7,11920.25,11872.85,11916.737142857144,11927.770333333332,643,TRAIN
2022-11-06,2972.73,3785.05,5162.16,11919.94,6,11,6,1,11888.61,11905.66,11966.94,11912.217142857144,11927.601333333334,644,TRAIN
2022-11-07,2961.22,3755.31,5197.03,11913.56,0,11,7,0,11919.94,11929.13,11960.11,11914.257142857141,11926.744333333334,645,TRAIN
2022-11-08,2993.27,3759.7,5132.88,11885.85,1,11,8,0,11913.56,11911.23,11986.89,11912.032857142858,11927.335666666668,646,TRAIN
2022-11-09,2971.29,3839.92,5128.3,11939.51,2,11,9,0,11885.85,11913.87,11956.3,11908.407142857142,11926.244999999999,647,TRAIN
2022-11-10,2977.92,3804.04,5152.93,11934.89,3,11,10,0,11939.51,11895.32,11982.41,11912.070000000002,11923.808333333332,648,TRAIN
2022-11-11,2991.95,3784.29,5079.66,11855.9,4,11,11,0,11934.89,11941.7,11881.87,11917.722857142859,11923.552,649,TRAIN
2022-11-12,2981.85,3803.12,5154.79,11939.76,5,11,12,1,11855.9,11888.61,11920.25,11905.465714285714,11923.358,650,TRAIN
2022-11-13,3007.93,3806.54,5143.81,11958.28,6,11,13,1,11939.76,11919.94,11905.66,11912.772857142856,11924.775,651,TRAIN
2022-11-14,2981.2,3776.93,5184.83,11942.96,0,11,14,0,11958.28,11913.56,11929.13,11918.25,11925.809666666668,652,TRAIN
2022-11-15,2983.03,3780.11,5139.65,11902.79,1,11,15,0,11942.96,11885.85,11911.23,11922.449999999999,11922.645333333332,653,TRAIN
2022-11-16,2966.24,3779.23,5191.38,11936.85,2,11,16,0,11902.79,11939.51,11913.87,11924.869999999999,11922.681666666667,654,TRAIN
2022-11-17,2974.95,3832.0,5180.71,11987.66,3,11,17,0,11936.85,11934.89,11895.32,11924.49,11923.509666666667,655,TRAIN
2022-11-18,2974.57,3738.36,5116.17,11829.1,4,11,18,0,11987.66,11855.9,11941.7,11932.028571428571,11924.355333333333,656,TRAIN
2022-11-19,2962.99,3781.1,5161.47,11905.56,5,11,19,1,11829.1,11939.76,11888.61,11928.199999999999,11921.275333333333,657,TRAIN
2022-11-20,2981.53,3799.54,5165.69,11946.76,6,11,20,1,11905.56,11958.28,11919.94,11923.314285714287,11921.662666666667,658,TRAIN
2022-11-21,3013.83,3786.6,5218.9,12019.33,0,11,21,0,11946.76,11942.96,11913.56,11921.668571428572,11923.750333333333,659,TRAIN
2022-11-22,2962.18,3775.8,5159.43,11897.41,1,11,22,0,12019.33,11902.79,11885.85,11932.578571428572,11928.633,660,TRAIN
2022-11-23,2973.98,3760.51,5175.88,11910.37,2,11,23,0,11897.41,11936.85,11939.51,11931.810000000001,11926.315333333334,661,TRAIN
2022-11-24,2982.84,3784.59,5123.7,11891.13,3,11,24,0,11910.37,11987.66,11934.89,11928.027142857143,11924.657333333333,662,TRAIN
2022-11-25,2982.78,3803.98,5120.57,11907.33,4,11,25,0,11891.13,11829.1,11855.9,11914.237142857144,11921.465333333334,663,TRAIN
2022-11-26,2978.24,3768.08,5147.17,11893.49,5,11,26,1,11907.33,11905.56,11939.76,11925.412857142856,11919.833000000002,664,TRAIN
2022-11-27,2984.35,3807.73,5137.42,11929.5,6,11,27,1,11893.49,11946.76,11958.28,11923.68857142857,11916.869,665,TRAIN
2022-11-28,3000.27,3827.3,5128.0,11955.57,0,11,28,0,11929.5,12019.33,11942.96,11921.222857142857,11918.456666666667,666,TRAIN
2022-11-29,2982.4,3793.19,5150.18,11925.77,1,11,29,0,11955.57,11897.41,11902.79,11912.114285714286,11919.634,667,TRAIN
2022-11-30,2982.63,3786.16,5091.04,11859.83,2,11,30,0,11925.77,11910.37,11936.85,11916.165714285713,11920.304333333333,668,TRAIN
2022-12-01,2961.87,3802.12,5159.21,11923.2,3,12,1,0,11859.83,11891.13,11987.66,11908.945714285714,11917.994333333334,669,TRAIN
2022-12-02,2976.2,3791.5,5174.98,11942.68,4,12,2,0,11923.2,11907.33,11829.1,11913.527142857143,11918.393333333333,670,TRAIN
2022-12-03,2990.69,3795.42,5174.7,11960.81,5,12,3,1,11942.68,11893.49,11905.56,11918.577142857144,11919.353666666666,671,TRAIN
2022-12-04,2968.85,3809.42,5191.06,11969.33,6,12,4,1,11960.81,11929.5,11946.76,11928.194285714286,11921.536666666665,672,TRAIN
2022-12-05,3005.17,3772.98,5115.04,11893.19,0,12,5,0,11969.33,11955.57,12019.33,11933.884285714286,11922.457666666667,673,TRAIN
2022-12-06,2989.33,3791.21,5195.47,11976.01,1,12,6,0,11893.19,11925.77,11897.41,11924.972857142857,11922.610333333334,674,TRAIN
2022-12-07,2964.74,3797.94,5200.39,11963.07,2,12,7,0,11976.01,11859.83,11910.37,11932.15,11924.479333333333,675,TRAIN
2022-12-08,2989.22,3803.57,5114.94,11907.73,3,12,8,0,11963.07,11923.2,11891.13,11946.898571428572,11926.129666666666,676,TRAIN
2022-12-09,2952.58,3816.4,5169.89,11938.87,4,12,9,0,11907.73,11942.68,11907.33,11944.68857142857,11926.859,677,TRAIN
2022-12-10,2992.34,3796.56,5168.79,11957.69,5,12,10,1,11938.87,11960.81,11893.49,11944.144285714285,11926.837666666666,678,TRAIN
2022-12-11,2989.19,3795.01,5161.07,11945.27,6,12,11,1,11957.69,11969.33,11929.5,11943.698571428571,11927.597666666667,679,TRAIN
2022-12-12,2984.36,3790.74,5157.2,11932.3,0,12,12,0,11945.27,11893.19,11955.57,11940.261428571428,11930.576666666668,680,TRAIN
2022-12-13,2991.95,3758.86,5176.86,11927.67,1,12,13,0,11932.3,11976.01,11925.77,11945.848571428573,11930.328000000001,681,TRAIN
2022-12-14,2972.8,3842.44,5242.27,12057.51,2,12,14,0,11927.67,11963.07,11859.83,11938.942857142858,11929.307666666666,682,TRAIN
2022-12-15,2974.94,3831.95,5186.03,11992.92,3,12,15,0,12057.51,11907.73,11923.2,11952.434285714286,11933.126,683,TRAIN
2022-12-16,2999.89,3775.28,5178.98,11954.15,4,12,16,0,11992.92,11938.87,11942.68,11964.604285714286,11936.130333333333,684,TRAIN
2022-12-17,2982.83,3780.29,5134.07,11897.19,5,12,17,1,11954.15,11957.69,11960.81,11966.787142857143,11936.707,685,TRAIN
2022-12-18,2970.1,3780.71,5164.67,11915.48,6,12,18,1,11897.19,11945.27,11969.33,11958.144285714287,11933.691333333334,686,TRAIN
2022-12-19,2966.44,3792.9,5120.32,11879.66,0,12,19,0,11915.48,11932.3,11893.19,11953.888571428572,11936.570666666667,687,TRAIN
2022-12-20,2954.7,3771.98,5141.1,11867.78,1,12,20,0,11879.66,11927.67,11976.01,11946.368571428571,11935.707333333332,688,TRAIN
2022-12-21,2967.98,3790.11,5168.98,11927.07,2,12,21,0,11867.78,12057.51,11963.07,11937.812857142857,11933.074666666666,689,TRAIN
2022-12-22,2969.73,3776.7,5148.42,11894.85,3,12,22,0,11927.07,11992.92,11907.73,11919.17857142857,11929.999333333335,690,TRAIN
2022-12-23,2996.69,3788.06,5154.71,11939.46,4,12,23,0,11894.85,11954.15,11938.87,11905.168571428572,11929.913999999999,691,TRAIN
2022-12-24,2994.14,3780.6,5173.38,11948.12,5,12,24,1,11939.46,11897.19,11957.69,11903.069999999998,11930.883666666667,692,TRAIN
2022-12-25,2970.34,3807.16,5182.8,11960.3,6,12,25,1,11948.12,11915.48,11945.27,11910.345714285713,11932.783333333333,693,TRAIN
2022-12-26,3000.33,3821.79,5065.67,11887.79,0,12,26,0,11960.3,11879.66,11932.3,11916.74857142857,11934.548999999999,694,TRAIN
2022-12-27,2954.96,3803.22,5180.7,11938.88,1,12,27,0,11887.79,11867.78,11927.67,11917.91,11934.359,695,TRAIN
2022-12-28,2985.94,3734.85,5173.91,11894.7,2,12,28,0,11938.88,11927.07,12057.51,11928.067142857142,11934.671666666665,696,TRAIN
2022-12-29,2949.13,3786.52,5181.29,11916.94,3,12,29,0,11894.7,11894.85,11992.92,11923.442857142858,11932.642666666665,697,TRAIN
2022-12-30,2993.86,3824.96,5186.02,12004.84,4,12,30,0,11916.94,11939.46,11954.15,11926.598571428573,11932.348333333333,698,TRAIN
2022-12-31,2973.68,3799.63,5187.16,11960.47,5,12,31,1,12004.84,11948.12,11897.19,11935.938571428573,11937.182,699,TRAIN
2023-01-01,3161.36,3996.47,5435.62,12593.45,6,1,1,1,11960.47,11960.3,11915.48,11937.702857142856,11938.424333333332,700,TRAIN
2023-01-02,3140.37,3995.41,5481.62,12617.4,0,1,2,0,12593.45,11887.79,11879.66,12028.152857142855,11960.116666666667,701,TRAIN
2023-01-03,3161.45,4034.31,5422.36,12618.12,1,1,3,0,12617.4,11938.88,11867.78,12132.382857142857,11982.003,702,TRAIN
2023-01-04,3146.51,4034.65,5484.82,12665.98,2,1,4,0,12618.12,11894.7,11927.07,12229.417142857143,12003.629333333334,703,TRAIN
2023-01-05,3127.5,4021.18,5498.94,12647.62,3,1,5,0,12665.98,11916.94,11894.85,12339.6,12029.389,704,TRAIN
2023-01-06,3155.28,4015.97,5449.14,12620.39,4,1,6,0,12647.62,12004.84,11939.46,12443.982857142857,12051.776,705,TRAIN
2023-01-07,3150.5,4008.96,5406.5,12565.96,5,1,7,1,12620.39,11960.47,11948.12,12531.91857142857,12073.686666666668,706,TRAIN
2023-01-08,3171.73,4017.7,5486.76,12676.19,6,1,8,1,12565.96,12593.45,11960.3,12618.417142857143,12095.627666666665,707,TRAIN
2023-01-09,3096.63,4030.9,5492.57,12620.1,0,1,9,0,12676.19,12617.4,11887.79,12630.237142857144,12120.204999999998,708,TRAIN
2023-01-10,3150.2,4019.25,5427.57,12597.02,1,1,10,0,12620.1,12618.12,11938.88,12630.62285714286,12142.285333333333,709,TRAIN
2023-01-11,3129.46,4007.15,5480.03,12616.64,2,1,11,0,12597.02,12665.98,11894.7,12627.608571428571,12164.010333333335,710,TRAIN
2023-01-12,3165.12,4015.93,5500.61,12681.66,3,1,12,0,12616.64,12647.62,11916.94,12620.56,12186.821666666665,711,TRAIN
2023-01-13,3139.72,4016.13,5415.02,12570.87,4,1,13,0,12681.66,12620.39,12004.84,12625.422857142856,12211.954666666667,712,TRAIN
2023-01-14,3157.24,3989.7,5394.01,12540.95,5,1,14,1,12570.87,12565.96,11960.47,12618.348571428573,12229.066666666668,713,TRAIN
2023-01-15,3172.99,4023.97,5407.95,12604.91,6,1,15,1,12540.95,12676.19,12593.45,12614.775714285715,12247.334333333334,714,TRAIN
2023-01-16,3160.87,4029.38,5397.65,12587.9,0,1,16,0,12604.91,12620.1,12617.4,12604.592857142856,12269.026333333333,715,TRAIN
2023-01-17,3129.16,3995.82,5394.24,12519.22,1,1,17,0,12587.9,12597.02,12618.12,12599.992857142857,12292.05,716,TRAIN
2023-01-18,3128.73,3987.81,5390.28,12506.82,2,1,18,0,12519.22,12616.64,12665.98,12588.878571428573,12312.174666666666,717,TRAIN
2023-01-19,3120.32,4018.79,5452.44,12591.55,3,1,19,0,12506.82,12681.66,12647.62,12573.19,12333.08,718,TRAIN
2023-01-20,3126.06,3988.29,5420.7,12535.05,4,1,20,0,12591.55,12570.87,12620.39,12560.317142857142,12357.205666666667,719,TRAIN
2023-01-21,3149.91,4014.16,5414.25,12578.32,5,1,21,1,12535.05,12540.95,12565.96,12555.2,12377.471666666666,720,TRAIN
2023-01-22,3160.06,3993.89,5465.85,12619.8,6,1,22,1,12578.32,12604.91,12676.19,12560.53857142857,12400.253999999999,721,TRAIN
2023-01-23,3176.37,4004.77,5446.21,12627.35,0,1,23,0,12619.8,12587.9,12620.1,12562.665714285715,12422.931999999999,722,TRAIN
2023-01-24,3121.73,3997.24,5442.94,12561.91,1,1,24,0,12627.35,12519.22,12597.02,12568.301428571427,12445.573,723,TRAIN
2023-01-25,3124.08,4027.43,5454.09,12605.6,2,1,25,0,12561.91,12506.82,12616.64,12574.399999999998,12465.626666666667,724,TRAIN
2023-01-26,3145.65,4006.58,5401.58,12553.81,3,1,26,0,12605.6,12591.55,12681.66,12588.511428571428,12489.553666666669,725,TRAIN
2023-01-27,3130.24,3982.27,5454.53,12567.04,4,1,27,0,12553.81,12535.05,12570.87,12583.119999999999,12510.051333333335,726,TRAIN
2023-01-28,3138.91,4008.64,5382.64,12530.19,5,1,28,1,12567.04,12578.32,12540.95,12587.689999999999,12532.462666666666,727,TRAIN
2023-01-29,3144.98,4016.36,5441.28,12602.62,6,1,29,1,12530.19,12619.8,12604.91,12580.814285714285,12552.904333333334,728,TRAIN
2023-01-30,3162.46,4014.27,5477.42,12654.15,0,1,30,0,12602.62,12627.35,12587.9,12578.36,12572.830333333333,729,TRAIN
2023-01-31,3163.23,3985.64,5459.79,12608.66,1,1,31,0,12654.15,12561.91,12519.22,12582.188571428573,12595.953000000001,730,TRAIN
2023-02-01,3140.11,4022.63,5460.36,12623.1,2,2,1,0,12608.66,12605.6,12506.82,12588.867142857143,12596.46,731,TRAIN
2023-02-02,3122.61,4020.05,5514.39,12657.05,3,2,2,0,12623.1,12553.81,12591.55,12591.367142857143,12596.65,732,TRAIN
2023-02-03,3147.08,3982.99,5455.18,12585.25,4,2,3,0,12657.05,12567.04,12535.05,12606.115714285714,12597.947666666667,733,TRAIN
2023-02-04,3108.64,4049.72,5502.0,12660.36,5,2,4,1,12585.25,12530.19,12578.32,12608.717142857142,12595.256666666666,734,TRAIN
2023-02-05,3165.33,4005.18,5459.82,12630.33,6,2,5,1,12660.36,12602.62,12619.8,12627.312857142857,12595.681333333334,735,TRAIN
2023-02-06,3168.29,4045.13,5424.79,12638.21,0,2,6,0,12630.33,12654.15,12627.35,12631.271428571428,12596.012666666667,736,TRAIN
2023-02-07,3136.85,3999.48,5386.37,12522.7,1,2,7,0,12638.21,12608.66,12561.91,12628.994285714287,12598.421,737,TRAIN
2023-02-08,3156.19,4021.27,5461.96,12639.42,2,2,8,0,12522.7,12623.1,12605.6,12616.714285714286,12593.304666666667,738,TRAIN
2023-02-09,3120.48,4008.87,5444.45,12573.8,3,2,9,0,12639.42,12657.05,12553.81,12619.045714285714,12593.948666666665,739,TRAIN
2023-02-10,3142.22,4020.25,5425.03,12587.5,4,2,10,0,12573.8,12585.25,12567.04,12607.152857142859,12593.174666666666,740,TRAIN
2023-02-11,3145.44,4022.88,5496.78,12665.1,5,2,11,1,12587.5,12660.36,12530.19,12607.474285714286,12592.203333333335,741,TRAIN
2023-02-12,3151.83,3992.69,5453.68,12598.2,6,2,12,1,12665.1,12630.33,12602.62,12608.151428571427,12591.651333333333,742,TRAIN
2023-02-13,3161.04,3965.83,5471.38,12598.25,0,2,13,0,12598.2,12638.21,12654.15,12603.56142857143,12592.562333333333,743,TRAIN
2023-02-14,3149.21,3983.85,5467.81,12600.87,1,2,14,0,12598.25,12522.7,12608.66,12597.852857142858,12594.472333333333,744,TRAIN
2023-02-15,3167.35,3993.36,5432.78,12593.49,2,2,15,0,12600.87,12639.42,12623.1,12609.02,12594.337666666666,745,TRAIN
2023-02-16,3160.47,3969.55,5426.06,12556.08,3,2,16,0,12593.49,12573.8,12657.05,12602.458571428573,12594.524,746,TRAIN
2023-02-17,3145.37,3991.13,5465.07,12601.57,4,2,17,0,12556.08,12587.5,12585.25,12599.927142857141,12595.752666666667,747,TRAIN
2023-02-18,3160.7,3996.69,5417.85,12575.24,5,2,18,1,12601.57,12665.1,12660.36,12601.937142857143,12598.911,748,TRAIN
2023-02-19,3143.8,3992.3,5384.55,12520.65,6,2,19,1,12575.24,12598.2,12630.33,12589.100000000002,12598.367333333334,749,TRAIN
2023-02-20,3140.97,4012.69,5427.82,12581.48,0,2,20,0,12520.65,12598.25,12638.21,12578.021428571428,12597.887333333334,750,TRAIN
2023-02-21,3136.77,3980.82,5453.3,12570.89,1,2,21,0,12581.48,12600.87,12522.7,12575.625714285712,12597.992666666667,751,TRAIN
2023-02-22,3150.17,3997.02,5426.54,12573.73,2,2,22,0,12570.89,12593.49,12639.42,12571.342857142856,12596.362333333334,752,TRAIN
2023-02-23,3166.96,4007.75,5470.15,12644.86,3,2,23,0,12573.73,12556.08,12573.8,12568.519999999999,12594.575,753,TRAIN
2023-02-24,3135.38,4009.89,5421.7,12566.97,4,2,24,0,12644.86,12601.57,12587.5,12581.202857142858,12597.34,754,TRAIN
2023-02-25,3145.98,4001.21,5457.39,12604.58,5,2,25,1,12566.97,12575.24,12665.1,12576.259999999998,12596.052333333333,755,TRAIN
2023-02-26,3145.01,4022.28,5447.19,12614.48,6,2,26,1,12604.58,12520.65,12598.2,12580.451428571427,12597.744666666666,756,TRAIN
2023-02-27,3157.98,4020.78,5459.27,12638.03,0,2,27,0,12614.48,12581.48,12598.25,12593.855714285713,12599.326000000001,757,TRAIN
2023-02-28,3143.05,3975.57,5450.15,12568.77,1,2,28,0,12638.03,12570.89,12600.87,12601.934285714287,12602.920666666667,758,TRAIN
2023-03-01,3130.44,4577.27,5459.88,13167.59,2,3,1,0,12568.77,12573.73,12593.49,12601.631428571429,12601.792333333335,759,TRAIN
2023-03-02,3190.96,4609.13,5432.63,13232.72,3,3,2,0,13167.59,12644.86,12556.08,12686.468571428573,12618.907,760,TRAIN
2023-03-03,3139.99,4629.49,5450.9,13220.38,4,3,3,0,13232.72,12566.97,12601.57,12770.448571428573,12639.709,761,TRAIN
2023-03-04,3163.3,4647.8,5445.99,13257.09,5,3,4,1,13220.38,12604.58,12575.24,12863.792857142858,12659.618333333334,762,TRAIN
2023-03-05,3140.52,4621.41,5481.4,13243.33,6,3,5,1,13257.09,12614.48,12520.65,12957.00857142857,12679.619666666666,763,TRAIN
2023-03-06,3121.72,4601.24,5407.84,13130.8,0,3,6,0,13243.33,12638.03,12581.48,13046.844285714284,12701.555666666665,764,TRAIN
2023-03-07,3135.85,4596.59,5470.52,13202.96,1,3,7,0,13130.8,12568.77,12570.89,13117.24,12717.237,765,TRAIN
2023-03-08,3143.2,4582.8,5447.71,13173.71,2,3,8,0,13202.96,13167.59,12573.73,13207.83857142857,12736.324666666666,766,TRAIN
2023-03-09,3154.65,4566.23,5446.01,13166.89,3,3,9,0,13173.71,13232.72,12644.86,13208.712857142857,12754.174666666666,767,TRAIN
2023-03-10,3116.76,4612.49,5470.48,13199.73,4,3,10,0,13166.89,13220.38,12566.97,13199.30857142857,12775.647666666666,768,TRAIN
2023-03-11,3135.59,4616.34,5481.47,13233.4,5,3,11,1,13199.73,13257.09,12604.58,13196.358571428571,12794.32466666667,769,TRAIN
2023-03-12,3142.16,4630.4,5441.09,13213.65,6,3,12,1,13233.4,13243.33,12614.48,13192.974285714286,12816.311333333333,770,TRAIN
2023-03-13,3190.45,4593.88,5415.73,13200.06,0,3,13,0,13213.65,13130.8,12638.03,13188.734285714285,12837.182999999999,771,TRAIN
2023-03-14,3179.98,4657.79,5403.64,13241.41,1,3,14,0,13200.06,13202.96,12568.77,13198.628571428571,12855.015000000001,772,TRAIN
2023-03-15,3111.99,4615.97,5401.8,13129.76,2,3,15,0,13241.41,13173.71,13167.59,13204.121428571429,12876.455333333333,773,TRAIN
2023-03-16,3165.1,4589.61,5382.02,13136.73,3,3,16,0,13129.76,13166.89,13232.72,13197.842857142856,12894.172333333332,774,TRAIN
2023-03-17,3129.02,4610.83,5472.5,13212.35,4,3,17,0,13136.73,13199.73,13220.38,13193.534285714284,12912.034333333333,775,TRAIN
2023-03-18,3137.32,4676.4,5411.23,13224.95,5,3,18,1,13212.35,13233.4,13257.09,13195.337142857143,12932.663,776,TRAIN
2023-03-19,3163.01,4621.26,5451.56,13235.83,6,3,19,1,13224.95,13213.65,13243.33,13194.13,12954.958666666667,777,TRAIN
2023-03-20,3138.79,4605.56,5515.46,13259.81,0,3,20,0,13235.83,13200.06,13130.8,13197.298571428571,12976.100666666665,778,TRAIN
2023-03-21,3152.78,4642.46,5466.55,13261.79,1,3,21,0,13259.81,13241.41,13202.96,13205.834285714285,12998.919666666665,779,TRAIN
2023-03-22,3151.32,4620.67,5475.35,13247.34,2,3,22,0,13261.79,13129.76,13173.71,13208.745714285715,13023.624333333333,780,TRAIN
2023-03-23,3158.32,4609.11,5430.01,13197.44,3,3,23,0,13247.34,13136.73,13166.89,13225.542857142858,13045.819666666666,781,TRAIN
2023-03-24,3168.25,4646.17,5480.06,13294.48,4,3,24,0,13197.44,13212.35,13199.73,13234.215714285716,13066.704666666665,782,TRAIN
2023-03-25,3123.64,4616.67,5459.09,13199.4,5,3,25,1,13294.48,13224.95,13233.4,13245.948571428571,13090.729666666668,783,TRAIN
2023-03-26,3169.61,4573.64,5460.35,13203.6,6,3,26,1,13199.4,13235.83,13213.65,13242.298571428573,13109.214333333333,784,TRAIN
2023-03-27,3159.21,4619.87,5449.0,13228.08,0,3,27,0,13203.6,13259.81,13200.06,13237.694285714286,13130.435333333333,785,TRAIN
2023-03-28,3155.96,4631.74,5433.07,13220.77,1,3,28,0,13228.08,13261.79,13241.41,13233.16142857143,13151.218666666666,786,TRAIN
2023-03-29,3146.98,4625.48,5448.99,13221.45,2,3,29,0,13220.77,13247.34,13129.76,13227.301428571429,13171.428333333333,787,TRAIN
2023-03-30,3157.32,4585.26,5409.38,13151.96,3,3,30,0,13221.45,13197.44,13136.73,13223.602857142858,13190.875666666667,788,TRAIN
2023-03-31,3140.84,4623.28,5460.49,13224.61,4,3,31,0,13151.96,13294.48,13212.35,13217.105714285715,13210.315333333332,789,TRAIN
2023-04-01,3157.34,4600.31,5496.79,13254.44,5,4,1,1,13224.61,13199.4,13224.95,13207.124285714288,13212.216000000002,790,TRAIN
2023-04-02,3123.4,4612.85,5466.84,13203.09,6,4,2,1,13254.44,13203.6,13235.83,13214.987142857144,13212.94,791,TRAIN
2023-04-03,3136.87,4605.66,5443.42,13185.95,0,4,3,0,13203.09,13228.08,13259.81,13214.914285714287,13212.363666666666,792,TRAIN
2023-04-04,3127.81,4636.46,5460.86,13225.13,1,4,4,0,13185.95,13220.77,13261.79,13208.895714285714,13209.992333333334,793,TRAIN
2023-04-05,3119.92,4597.43,5474.58,13191.93,2,4,5,0,13225.13,13221.45,13247.34,13209.518571428573,13209.385666666667,794,TRAIN
2023-04-06,3155.11,4653.22,5477.94,13286.27,3,4,6,0,13191.93,13151.96,13197.44,13205.301428571429,13211.423333333334,795,TRAIN
2023-04-07,3131.47,4577.08,5445.72,13154.27,4,4,7,0,13286.27,13224.61,13294.48,13224.488571428572,13214.200333333334,796,TRAIN
2023-04-08,3128.1,4634.92,5449.77,13212.79,5,4,8,1,13154.27,13254.44,13199.4,13214.44,13213.552333333333,797,TRAIN
2023-04-09,3130.29,4615.22,5432.22,13177.73,6,4,9,1,13212.79,13203.09,13203.6,13208.490000000002,13215.082333333334,798,TRAIN
2023-04-10,3149.26,4643.72,5419.6,13212.58,0,4,10,0,13177.73,13185.95,13228.08,13204.867142857142,13214.348999999998,799,TRAIN
2023-04-11,3143.35,4595.88,5445.12,13184.35,1,4,11,0,13212.58,13225.13,13220.77,13208.671428571428,13213.655,800,TRAIN
2023-04-12,3133.26,4618.59,5430.45,13182.3,2,4,12,0,13184.35,13191.93,13221.45,13202.845714285713,13212.678333333333,801,TRAIN
2023-04-13,3122.17,4641.93,5488.26,13252.36,3,4,13,0,13182.3,13286.27,13151.96,13201.470000000001,13212.086333333333,802,TRAIN
2023-04-14,3137.95,4588.2,5468.95,13195.1,4,4,14,0,13252.36,13154.27,13224.61,13196.625714285716,13212.451333333334,803,TRAIN
2023-04-15,3162.17,4626.99,5420.81,13209.97,5,4,15,1,13195.1,13212.79,13254.44,13202.45857142857,13214.629333333334,804,TRAIN
2023-04-16,3154.0,4609.09,5450.11,13213.2,6,4,16,1,13209.97,13177.73,13203.09,13202.055714285714,13217.070666666668,805,TRAIN
2023-04-17,3172.5,4592.98,5443.47,13208.95,0,4,17,0,13213.2,13212.58,13185.95,13207.122857142856,13217.098999999998,806,TRAIN
2023-04-18,3139.22,4608.63,5470.19,13218.04,1,4,18,0,13208.95,13184.35,13225.13,13206.604285714287,13216.565666666665,807,TRAIN
2023-04-19,3144.44,4587.33,5539.43,13271.2,2,4,19,0,13218.04,13182.3,13191.93,13211.417142857143,13215.972666666668,808,TRAIN
2023-04-20,3132.34,4622.04,5439.45,13193.83,3,4,20,0,13271.2,13252.36,13286.27,13224.117142857142,13216.352333333334,809,TRAIN
2023-04-21,3148.9,4619.93,5440.67,13209.5,4,4,21,0,13193.83,13195.1,13154.27,13215.755714285713,13214.087,810,TRAIN
2023-04-22,3129.05,4596.46,5472.45,13197.96,5,4,22,1,13209.5,13209.97,13212.79,13217.812857142857,13212.825666666668,811,TRAIN
2023-04-23,3159.28,4617.28,5414.17,13190.73,6,4,23,1,13197.96,13213.2,13177.73,13216.097142857145,13212.843,812,TRAIN
2023-04-24,3106.56,4622.14,5426.92,13155.62,0,4,24,0,13190.73,13208.95,13212.58,13212.887142857144,13209.384666666667,813,TRAIN
2023-04-25,3154.44,4608.58,5467.55,13230.57,1,4,25,0,13155.62,13218.04,13184.35,13205.26857142857,13207.925333333334,814,TRAIN
2023-04-26,3130.11,4625.16,5463.6,13218.87,2,4,26,0,13230.57,13271.2,13182.3,13207.058571428572,13208.824333333332,815,TRAIN
2023-04-27,3151.93,4621.87,5486.34,13260.14,3,4,27,0,13218.87,13193.83,13252.36,13199.582857142857,13208.517333333333,816,TRAIN
2023-04-28,3134.02,4626.8,5452.3,13213.12,4,4,28,0,13260.14,13209.5,13195.1,13209.055714285714,13209.829666666667,817,TRAIN
2023-04-29,3126.09,4606.59,5419.54,13152.22,5,4,29,1,13213.12,13197.96,13209.97,13209.572857142859,13209.552,818,TRAIN
2023-04-30,3142.11,4641.14,5379.05,13162.3,6,4,30,1,13152.22,13190.73,13213.2,13203.03857142857,13209.560666666666,819,TRAIN
2023-05-01,3146.17,4626.36,5468.97,13241.5,0,5,1,0,13162.3,13155.62,13208.95,13198.977142857142,13207.483666666667,820,TRAIN
2023-05-02,3109.87,4631.12,5386.62,13127.61,1,5,2,0,13241.5,13230.57,13218.04,13211.245714285715,13207.052333333333,821,TRAIN
2023-05-03,3162.31,4600.44,5415.42,13178.17,2,5,3,0,13127.61,13218.87,13271.2,13196.537142857142,13204.536333333333,822,TRAIN
2023-05-04,3154.69,4607.95,5422.15,13184.79,3,5,4,0,13178.17,13260.14,13193.83,13190.722857142857,13204.277,823,TRAIN
2023-05-05,3143.1,4602.48,5455.6,13201.18,4,5,5,0,13184.79,13213.12,13209.5,13179.958571428573,13202.932333333332,824,TRAIN
2023-05-06,3159.47,4633.21,5460.37,13253.05,5,5,6,1,13201.18,13152.22,13197.96,13178.252857142856,13203.240666666668,825,TRAIN
2023-05-07,3157.46,4604.39,5426.32,13188.17,6,5,7,1,13253.05,13162.3,13190.73,13192.657142857142,13202.133333333333,826,TRAIN
2023-05-08,3135.42,4605.36,5360.13,13100.91,0,5,8,0,13188.17,13241.5,13155.62,13196.352857142858,13203.263333333334,827,TRAIN
2023-05-09,3129.42,4614.71,5462.3,13206.43,1,5,9,0,13100.91,13127.61,13230.57,13176.268571428573,13199.534000000001,828,TRAIN
2023-05-10,3156.9,4599.96,5438.27,13195.13,2,5,10,0,13206.43,13178.17,13218.87,13187.528571428573,13200.490666666668,829,TRAIN
2023-05-11,3135.92,4667.45,5474.53,13277.9,3,5,11,0,13195.13,13184.79,13260.14,13189.951428571429,13199.909000000001,830,TRAIN
2023-05-12,3105.72,4619.49,5463.6,13188.81,4,5,12,0,13277.9,13201.18,13213.12,13203.252857142856,13203.027333333333,831,TRAIN
2023-05-13,3165.14,4607.51,5440.4,13213.05,5,5,13,1,13188.81,13253.05,13152.22,13201.485714285716,13203.244333333334,832,TRAIN
2023-05-14,3148.62,4628.89,5422.31,13199.82,6,5,14,1,13213.05,13188.17,13162.3,13195.771428571428,13201.934,833,TRAIN
2023-05-15,3144.84,4604.09,5422.99,13171.92,0,5,15,0,13199.82,13100.91,13241.5,13197.435714285715,13202.091333333334,834,TRAIN
2023-05-16,3138.1,4615.11,5433.98,13187.19,1,5,16,0,13171.92,13206.43,13127.61,13207.58,13200.822999999999,835,TRAIN
2023-05-17,3100.6,4595.13,5394.18,13089.91,2,5,17,0,13187.19,13195.13,13178.17,13204.83142857143,13199.956,836,TRAIN
2023-05-18,3128.62,4638.74,5509.47,13276.83,3,5,18,0,13089.91,13277.9,13184.79,13189.800000000001,13195.988000000001,837,TRAIN
2023-05-19,3156.0,4624.78,5443.28,13224.06,4,5,19,0,13276.83,13188.81,13201.18,13189.647142857142,13197.947666666667,838,TRAIN
2023-05-20,3132.18,4579.58,5486.98,13198.74,5,5,20,1,13224.06,13213.05,13253.05,13194.682857142858,13196.376333333335,839,TRAIN
2023-05-21,3138.99,4622.9,5488.55,13250.44,6,5,21,1,13198.74,13199.82,13188.17,13192.638571428572,13196.54,840,TRAIN
2023-05-22,3141.59,4598.4,5449.23,13189.22,0,5,22,0,13250.44,13171.92,13100.91,13199.869999999999,13197.904666666667,841,TRAIN
2023-05-23,3149.6,4618.44,5402.05,13170.09,1,5,23,0,13189.22,13187.19,13206.43,13202.341428571428,13197.613333333333,842,TRAIN
2023-05-24,3159.6,4597.19,5395.74,13152.53,2,5,24,0,13170.09,13089.91,13195.13,13199.89857142857,13196.925333333334,843,TRAIN
2023-05-25,3166.77,4620.58,5468.35,13255.7,3,5,25,0,13152.53,13276.83,13277.9,13208.844285714284,13196.822333333334,844,TRAIN
2023-05-26,3170.29,4595.47,5453.01,13218.77,4,5,26,0,13255.7,13224.06,13188.81,13205.825714285715,13197.66,845,TRAIN
2023-05-27,3146.09,4565.95,5432.96,13145.0,5,5,27,1,13218.77,13198.74,13213.05,13205.069999999998,13197.656666666668,846,TRAIN
2023-05-28,3137.87,4616.41,5439.61,13193.89,6,5,28,1,13145.0,13250.44,13199.82,13197.392857142857,13193.818666666666,847,TRAIN
2023-05-29,3151.88,4633.01,5463.82,13248.71,0,5,29,0,13193.89,13189.22,13171.92,13189.314285714285,13193.177666666666,848,TRAIN
2023-05-30,3107.26,4614.02,5446.59,13167.87,1,5,30,0,13248.71,13170.09,13187.19,13197.812857142857,13196.394,849,TRAIN
2023-05-31,3143.88,4642.63,5383.28,13169.79,2,5,31,0,13167.87,13152.53,13089.91,13197.495714285715,13196.579666666665,850,TRAIN
2023-06-01,3135.95,4029.41,5424.91,12590.27,3,6,1,0,13169.79,13255.7,13276.83,13199.96142857143,13194.189333333334,851,TRAIN
2023-06-02,3159.82,4032.99,5452.61,12645.42,4,6,2,0,12590.27,13218.77,13224.06,13104.899999999998,13176.277999999998,852,TRAIN
2023-06-03,3144.95,3980.16,5376.26,12501.37,5,6,3,1,12645.42,13145.0,13198.74,13022.992857142859,13158.519666666667,853,TRAIN
2023-06-04,3100.3,4029.85,5474.94,12605.09,6,6,4,1,12501.37,13193.89,13250.44,12931.045714285716,13135.739000000001,854,TRAIN
2023-06-05,3153.51,3974.1,5474.06,12601.67,0,6,5,0,12605.09,13248.71,13189.22,12846.93142857143,13115.869333333332,855,TRAIN
2023-06-06,3159.22,4015.43,5413.76,12588.41,1,6,6,0,12601.67,13167.87,13170.09,12754.497142857143,13094.156666666668,856,TRAIN
2023-06-07,3126.82,3987.98,5458.76,12573.56,2,6,7,0,12588.41,13169.79,13152.53,12671.717142857144,13074.164666666667,857,TRAIN
2023-06-08,3137.71,4051.68,5449.53,12638.92,3,6,8,0,12573.56,12590.27,13255.7,12586.541428571427,13056.586333333335,858,TRAIN
2023-06-09,3152.93,4034.62,5391.0,12578.55,4,6,9,0,12638.92,12645.42,13218.77,12593.491428571428,13037.669333333331,859,TRAIN
2023-06-10,3114.37,4010.74,5452.66,12577.77,5,6,10,1,12578.55,12501.37,13145.0,12583.93857142857,13017.116666666667,860,TRAIN
2023-06-11,3146.74,3994.42,5482.37,12623.53,6,6,11,1,12577.77,12605.09,13193.89,12594.852857142858,12993.779,861,TRAIN
2023-06-12,3162.49,4016.0,5421.18,12599.67,0,6,12,0,12623.53,12601.67,13248.71,12597.487142857144,12974.936333333335,862,TRAIN
2023-06-13,3125.76,3992.76,5430.95,12549.47,1,6,13,0,12599.67,12588.41,13167.87,12597.201428571429,12954.490333333333,863,TRAIN
2023-06-14,3161.11,3972.76,5394.1,12527.97,2,6,14,0,12549.47,12573.56,13169.79,12591.638571428572,12932.812,864,TRAIN
2023-06-15,3173.62,4021.95,5447.59,12643.16,3,6,15,0,12527.97,12638.92,12590.27,12585.125714285716,12911.347,865,TRAIN
2023-06-16,3135.59,4008.74,5498.62,12642.95,4,6,16,0,12643.16,12578.55,12645.42,12585.73142857143,12893.212666666666,866,TRAIN
2023-06-17,3142.47,3986.81,5420.7,12549.98,5,6,17,1,12642.95,12577.77,12501.37,12594.93142857143,12878.314,867,TRAIN
2023-06-18,3148.5,3994.77,5380.73,12524.0,6,6,18,1,12549.98,12623.53,12605.09,12590.961428571429,12854.085666666668,868,TRAIN
2023-06-19,3169.76,3988.07,5426.06,12583.89,0,6,19,0,12524.0,12599.67,12601.67,12576.742857142857,12830.750333333333,869,TRAIN
2023-06-20,3186.38,4022.72,5436.6,12645.7,1,6,20,0,12583.89,12549.47,12588.41,12574.488571428572,12810.255333333333,870,TRAIN
2023-06-21,3150.8,3964.83,5436.63,12552.26,2,6,21,0,12645.7,12527.97,12573.56,12588.235714285713,12790.097333333333,871,TRAIN
2023-06-22,3164.33,4017.87,5459.81,12642.01,3,6,22,0,12552.26,12643.16,12638.92,12591.705714285714,12768.865333333333,872,TRAIN
2023-06-23,3156.36,4014.49,5459.2,12630.05,4,6,23,0,12642.01,12642.95,12578.55,12591.541428571427,12751.262666666667,873,TRAIN
2023-06-24,3138.62,3983.81,5426.86,12549.29,5,6,24,1,12630.05,12549.98,12577.77,12589.698571428571,12733.846666666668,874,TRAIN
2023-06-25,3156.6,3995.12,5492.56,12644.28,6,6,25,1,12549.29,12524.0,12623.53,12589.6,12710.299666666666,875,TRAIN
2023-06-26,3140.5,3991.94,5453.99,12586.43,0,6,26,0,12644.28,12583.89,12599.67,12606.782857142858,12691.15,876,TRAIN
2023-06-27,3139.86,3974.32,5458.41,12572.59,1,6,27,0,12586.43,12645.7,12549.47,12607.145714285714,12672.530999999999,877,TRAIN
2023-06-28,3137.03,3995.22,5462.02,12594.27,2,6,28,0,12572.59,12552.26,12527.97,12596.701428571429,12651.821,878,TRAIN
2023-06-29,3158.45,3983.01,5478.36,12619.82,3,6,29,0,12594.27,12642.01,12643.16,12602.702857142856,12630.006333333333,879,TRAIN
2023-06-30,3196.72,4013.32,5468.4,12678.44,4,6,30,0,12619.82,12630.05,12642.95,12599.532857142858,12611.738000000001,880,TRAIN
2023-07-01,3118.75,4005.38,5404.4,12528.53,5,7,1,1,12678.44,12549.29,12549.98,12606.445714285714,12595.359666666665,881,TRAIN
2023-07-02,3139.2,3997.54,5481.4,12618.14,6,7,2,1,12528.53,12644.28,12524.0,12603.480000000001,12593.301666666668,882,TRAIN
2023-07-03,3139.42,4036.06,5437.89,12613.37,0,7,3,0,12618.14,12586.43,12583.89,12599.745714285715,12592.392333333331,883,TRAIN
2023-07-04,3161.35,3998.48,5445.19,12605.02,1,7,4,0,12613.37,12572.59,12645.7,12603.594285714285,12596.125666666665,884,TRAIN
2023-07-05,3151.35,4014.23,5448.91,12614.49,2,7,5,0,12605.02,12594.27,12552.26,12608.227142857144,12596.123333333333,885,TRAIN
2023-07-06,3153.22,4044.41,5401.39,12599.02,3,7,6,0,12614.49,12619.82,12642.01,12611.115714285714,12596.550666666666,886,TRAIN
2023-07-07,3165.77,3989.23,5489.55,12644.55,4,7,7,0,12599.02,12678.44,12630.05,12608.144285714285,12596.904333333334,887,TRAIN
2023-07-08,3143.73,4004.24,5496.65,12644.62,5,7,8,1,12644.55,12528.53,12549.29,12603.302857142859,12599.270666666667,888,TRAIN
2023-07-09,3149.52,4021.15,5402.86,12573.53,6,7,9,1,12644.62,12618.14,12644.28,12619.887142857142,12599.460666666668,889,TRAIN
2023-07-10,3149.96,3993.06,5486.14,12629.16,0,7,10,0,12573.53,12613.37,12586.43,12613.514285714287,12599.293333333333,890,TRAIN
2023-07-11,3135.61,3998.54,5477.76,12611.91,1,7,11,0,12629.16,12605.02,12572.59,12615.77,12601.006333333333,891,TRAIN
2023-07-12,3118.13,4030.25,5497.09,12645.47,2,7,12,0,12611.91,12614.49,12594.27,12616.754285714285,12600.619,892,TRAIN
2023-07-13,3158.42,4048.59,5402.56,12609.57,3,7,13,0,12645.47,12599.02,12619.82,12621.180000000002,12602.145666666667,893,TRAIN
2023-07-14,3146.65,3980.81,5423.02,12550.48,4,7,14,0,12609.57,12644.55,12678.44,12622.687142857143,12604.149000000001,894,TRAIN
2023-07-15,3155.52,3981.87,5514.16,12651.55,5,7,15,1,12550.48,12644.62,12528.53,12609.24857142857,12604.899333333333,895,TRAIN
2023-07-16,3135.62,4029.58,5393.18,12558.38,6,7,16,1,12651.55,12573.53,12618.14,12610.238571428572,12605.179000000002,896,TRAIN
2023-07-17,3133.32,3971.08,5444.4,12548.8,0,7,17,0,12558.38,12629.16,12613.37,12608.074285714287,12602.359999999999,897,TRAIN
2023-07-18,3143.66,4013.96,5401.2,12558.82,1,7,18,0,12548.8,12611.91,12605.02,12596.594285714285,12602.320666666667,898,TRAIN
2023-07-19,3145.33,4011.06,5399.57,12555.96,2,7,19,0,12558.82,12645.47,12614.49,12589.009999999998,12603.481333333331,899,TRAIN
2023-07-20,3131.0,4020.68,5434.41,12586.09,3,7,20,0,12555.96,12609.57,12599.02,12576.222857142857,12602.550333333334,900,TRAIN
2023-07-21,3096.27,3945.99,5489.77,12532.03,4,7,21,0,12586.09,12550.48,12644.55,12572.868571428571,12600.563333333334,901,TRAIN
2023-07-22,3161.44,3991.8,5423.77,12577.01,5,7,22,1,12532.03,12651.55,12644.62,12570.232857142857,12599.889,902,TRAIN
2023-07-23,3128.56,3954.35,5414.71,12497.62,6,7,23,1,12577.01,12558.38,12573.53,12559.584285714285,12597.722333333333,903,TRAIN
2023-07-24,3139.4,4041.33,5464.74,12645.47,0,7,24,0,12497.62,12548.8,12629.16,12550.904285714287,12593.307999999999,904,TRAIN
2023-07-25,3141.3,3999.35,5411.28,12551.93,1,7,25,0,12645.47,12558.82,12611.91,12564.714285714286,12596.514000000001,905,TRAIN
2023-07-26,3147.47,4014.51,5425.19,12587.17,2,7,26,0,12551.93,12555.96,12645.47,12563.73,12593.435666666666,906,TRAIN
2023-07-27,3169.88,3999.91,5472.83,12642.62,3,7,27,0,12587.17,12586.09,12609.57,12568.18857142857,12593.460333333333,907,TRAIN
2023-07-28,3128.8,3989.38,5438.44,12556.62,4,7,28,0,12642.62,12532.03,12550.48,12576.264285714287,12595.794666666665,908,TRAIN
2023-07-29,3159.36,4001.47,5414.7,12575.53,5,7,29,1,12556.62,12577.01,12651.55,12579.777142857143,12594.539666666667,909,TRAIN
2023-07-30,3138.56,3998.57,5442.73,12579.86,6,7,30,1,12575.53,12497.62,12558.38,12579.565714285714,12593.063333333334,910,TRAIN
2023-07-31,3141.7,4047.99,5416.9,12606.59,0,7,31,0,12579.86,12645.47,12548.8,12591.314285714285,12589.777333333333,911,TRAIN
2023-08-01,3129.49,4028.17,5456.78,12614.44,1,8,1,0,12606.59,12551.93,12558.82,12585.76,12592.379333333334,912,TRAIN
2023-08-02,3147.48,4005.16,5466.0,12618.64,2,8,2,0,12614.44,12587.17,12555.96,12594.69,12592.256000000001,913,TRAIN
2023-08-03,3152.99,3988.7,5419.02,12560.71,3,8,3,0,12618.64,12642.62,12586.09,12599.185714285715,12592.431666666667,914,TRAIN
2023-08-04,3136.04,4018.41,5437.42,12591.87,4,8,4,0,12560.71,12556.62,12532.03,12587.484285714285,12590.954666666667,915,TRAIN
2023-08-05,3139.56,4030.84,5365.21,12535.61,5,8,5,1,12591.87,12575.53,12577.01,12592.52,12590.200666666668,916,TRAIN
2023-08-06,3155.83,3999.48,5398.16,12553.47,6,8,6,1,12535.61,12579.86,12497.62,12586.817142857142,12588.087,917,TRAIN
2023-08-07,3147.39,4017.13,5456.37,12620.89,0,8,7,0,12553.47,12606.59,12645.47,12583.047142857144,12585.051000000001,918,TRAIN
2023-08-08,3139.74,3968.63,5442.79,12551.16,1,8,8,0,12620.89,12614.44,12551.93,12585.09,12584.26,919,TRAIN
2023-08-09,3146.48,3980.32,5455.63,12582.43,2,8,9,0,12551.16,12618.64,12587.17,12576.050000000001,12583.514333333333,920,TRAIN
2023-08-10,3152.22,3989.08,5407.33,12548.63,3,8,10,0,12582.43,12560.71,12642.62,12570.877142857144,12581.956666666667,921,TRAIN
2023-08-11,3149.32,4008.36,5511.34,12669.02,4,8,11,0,12548.63,12591.87,12556.62,12569.151428571427,12579.847333333333,922,TRAIN
2023-08-12,3142.88,4006.75,5461.44,12611.07,5,8,12,1,12669.02,12535.61,12575.53,12580.172857142856,12580.632333333335,923,TRAIN
2023-08-13,3150.36,3978.4,5414.85,12543.61,6,8,13,1,12611.07,12553.47,12579.86,12590.952857142856,12580.682333333332,924,TRAIN
2023-08-14,3127.97,4002.73,5422.59,12553.29,0,8,14,0,12543.61,12620.89,12606.59,12589.544285714286,12580.453333333335,925,TRAIN
2023-08-15,3192.43,4013.41,5432.83,12638.67,1,8,15,0,12553.29,12551.16,12614.44,12579.887142857142,12577.177999999998,926,TRAIN
2023-08-16,3134.06,4018.8,5434.35,12587.21,2,8,16,0,12638.67,12582.43,12618.64,12592.388571428572,12579.854333333333,927,TRAIN
2023-08-17,3123.95,4008.97,5456.04,12588.96,3,8,17,0,12587.21,12548.63,12560.71,12593.07142857143,12581.134666666667,928,TRAIN
2023-08-18,3145.02,4008.81,5492.35,12646.18,4,8,18,0,12588.96,12669.02,12591.87,12598.832857142857,12582.139333333333,929,TRAIN
2023-08-19,3129.91,3985.43,5447.27,12562.61,5,8,19,1,12646.18,12611.07,12535.61,12595.569999999998,12585.146666666667,930,TRAIN
2023-08-20,3149.18,4051.41,5406.19,12606.78,6,8,20,1,12562.61,12543.61,12553.47,12588.647142857142,12584.364,931,TRAIN
2023-08-21,3153.92,3995.18,5439.74,12588.84,0,8,21,0,12606.78,12553.29,12620.89,12597.671428571428,12586.855666666668,932,TRAIN
2023-08-22,3127.38,3976.78,5455.14,12559.3,1,8,22,0,12588.84,12638.67,12551.16,12602.75,12587.25,933,TRAIN
2023-08-23,3137.43,4007.22,5516.53,12661.18,2,8,23,0,12559.3,12587.21,12582.43,12591.411428571428,12589.306,934,TRAIN
2023-08-24,3131.5,3997.12,5502.42,12631.04,3,8,24,0,12661.18,12588.96,12548.63,12601.978571428572,12589.829666666665,935,TRAIN
2023-08-25,3154.84,3988.64,5463.48,12606.96,4,8,25,0,12631.04,12646.18,12669.02,12607.99,12592.466666666667,936,TRAIN
2023-08-26,3149.24,4031.87,5420.67,12601.78,5,8,26,1,12606.96,12562.61,12611.07,12602.387142857144,12593.126333333332,937,TRAIN
2023-08-27,3124.01,3964.21,5381.82,12470.04,6,8,27,1,12601.78,12606.78,12543.61,12607.982857142857,12591.765000000001,938,TRAIN
2023-08-28,3148.31,3998.57,5430.18,12577.06,0,8,28,0,12470.04,12588.84,12553.29,12588.448571428571,12588.878999999999,939,TRAIN
2023-08-29,3124.63,4033.76,5503.17,12661.56,1,8,29,0,12577.06,12559.3,12638.67,12586.765714285712,12588.929999999998,940,TRAIN
2023-08-30,3123.24,3994.62,5430.6,12548.46,2,8,30,0,12661.56,12661.18,12587.21,12601.374285714288,12591.653333333332,941,TRAIN
2023-08-31,3168.01,4030.44,5465.01,12663.46,3,8,31,0,12548.46,12631.04,12588.96,12585.271428571428,12589.715666666665,942,TRAIN
2023-09-01,3142.86,4001.15,5433.53,12577.54,4,9,1,0,12663.46,12606.96,12646.18,12589.902857142859,12591.349666666667,943,TRAIN
2023-09-02,3135.87,3997.98,5420.6,12554.45,5,9,2,1,12577.54,12601.78,12562.61,12585.699999999999,12589.979666666668,944,TRAIN
2023-09-03,3192.3,4005.66,5405.08,12603.04,6,9,3,1,12554.45,12470.04,12606.78,12578.93857142857,12589.771,945,TRAIN
2023-09-04,3169.33,4012.62,5440.13,12622.08,0,9,4,0,12603.04,12577.06,12588.84,12597.938571428573,12590.143333333333,946,TRAIN
2023-09-05,3148.13,4037.75,5430.54,12616.42,1,9,5,0,12622.08,12661.56,12559.3,12604.37,12593.025666666666,947,TRAIN
2023-09-06,3133.76,4013.54,5459.96,12607.26,2,9,6,0,12616.42,12548.46,12661.18,12597.921428571428,12595.124,948,TRAIN
2023-09-07,3149.03,4033.76,5400.17,12582.96,3,9,7,0,12607.26,12663.46,12631.04,12606.32142857143,12594.669666666667,949,TRAIN
2023-09-08,3160.14,3978.29,5466.18,12604.61,4,9,8,0,12582.96,12577.54,12606.96,12594.82142857143,12595.729666666668,950,TRAIN
2023-09-09,3156.14,3998.89,5437.93,12592.96,5,9,9,1,12604.61,12554.45,12601.78,12598.688571428573,12596.469000000001,951,TRAIN
2023-09-10,3148.97,4022.53,5458.24,12629.74,6,9,10,1,12592.96,12603.04,12470.04,12604.19,12597.946666666667,952,TRAIN
2023-09-11,3113.05,3982.73,5478.02,12573.8,0,9,11,0,12629.74,12622.08,12577.06,12608.004285714285,12596.637333333334,953,TRAIN
2023-09-12,3153.51,4017.88,5408.18,12579.57,1,9,12,0,12573.8,12616.42,12661.56,12601.107142857143,12595.395,954,TRAIN
2023-09-13,3147.02,4029.94,5462.23,12639.19,2,9,13,0,12579.57,12607.26,12548.46,12595.842857142856,12596.593666666666,955,TRAIN
2023-09-14,3169.86,4036.28,5463.93,12670.07,3,9,14,0,12639.19,12582.96,12663.46,12600.404285714287,12599.457,956,TRAIN
2023-09-15,3179.24,3997.9,5472.11,12649.25,4,9,15,0,12670.07,12604.61,12577.54,12612.848571428573,12600.503666666667,957,TRAIN
2023-09-16,3140.46,3962.19,5433.18,12535.83,5,9,16,1,12649.25,12592.96,12554.45,12619.225714285712,12602.571666666667,958,TRAIN
2023-09-17,3115.81,4034.65,5448.94,12599.4,6,9,17,1,12535.83,12629.74,12603.04,12611.064285714285,12600.800666666666,959,TRAIN
2023-09-18,3131.0,4028.58,5411.03,12570.61,0,9,18,0,12599.4,12573.8,12622.08,12606.73,12599.241333333333,960,TRAIN
2023-09-19,3143.87,4026.79,5457.69,12628.35,1,9,19,0,12570.61,12579.57,12616.42,12606.274285714286,12599.508,961,TRAIN
2023-09-20,3125.25,4002.75,5410.79,12538.79,2,9,20,0,12628.35,12639.19,12607.26,12613.242857142857,12600.227,962,TRAIN
2023-09-21,3150.34,4011.23,5466.85,12628.42,3,9,21,0,12538.79,12670.07,12582.96,12598.9,12598.558666666668,963,TRAIN
2023-09-22,3157.77,4003.08,5460.56,12621.41,4,9,22,0,12628.42,12649.25,12604.61,12592.95,12600.862666666666,964,TRAIN
2023-09-23,3129.02,4011.29,5434.8,12575.11,5,9,23,1,12621.41,12535.83,12592.96,12588.972857142857,12599.537000000002,965,TRAIN
2023-09-24,3131.45,4040.95,5475.99,12648.39,6,9,24,1,12575.11,12599.4,12629.74,12594.584285714287,12597.672666666667,966,TRAIN
2023-09-25,3136.99,4007.73,5442.75,12587.47,0,9,25,0,12648.39,12570.61,12573.8,12601.582857142857,12599.053666666669,967,TRAIN
2023-09-26,3129.5,3985.77,5413.03,12528.3,1,9,26,0,12587.47,12628.35,12579.57,12603.99142857143,12598.576666666666,968,TRAIN
2023-09-27,3136.57,3995.57,5426.12,12558.26,2,9,27,0,12528.3,12538.79,12639.19,12589.698571428571,12600.518666666667,969,TRAIN
2023-09-28,3170.1,3999.31,5414.53,12583.94,3,9,28,0,12558.26,12628.42,12670.07,12592.48,12599.892,970,TRAIN
2023-09-29,3150.8,4010.14,5474.59,12635.53,4,9,29,0,12583.94,12621.41,12649.25,12586.125714285716,12597.304666666667,971,TRAIN
2023-09-30,3132.53,4006.22,5362.75,12501.5,5,9,30,1,12635.53,12575.11,12535.83,12588.142857142857,12600.207,972,TRAIN
2023-10-01,3157.67,4028.99,5463.33,12649.99,6,10,1,1,12501.5,12648.39,12599.4,12577.627142857144,12594.808333333332,973,TRAIN
2023-10-02,3166.17,4008.44,5492.79,12667.4,0,10,2,0,12649.99,12587.47,12570.61,12577.855714285713,12597.223333333333,974,TRAIN
2023-10-03,3165.36,4019.88,5479.22,12664.46,1,10,3,0,12667.4,12528.3,12628.35,12589.274285714286,12600.988333333333,975,TRAIN
2023-10-04,3155.22,4057.22,5456.77,12669.21,2,10,4,0,12664.46,12558.26,12538.79,12608.725714285714,12603.035666666667,976,TRAIN
2023-10-05,3148.44,4006.52,5501.91,12656.87,3,10,5,0,12669.21,12583.94,12628.42,12624.575714285715,12604.606666666667,977,TRAIN
2023-10-06,3125.76,3983.83,5464.25,12573.84,4,10,6,0,12656.87,12635.53,12621.41,12634.994285714285,12605.955,978,TRAIN
2023-10-07,3159.57,4039.39,5442.13,12641.09,5,10,7,1,12573.84,12501.5,12575.11,12626.181428571426,12604.840999999999,979,TRAIN
2023-10-08,3132.41,3981.32,5464.72,12578.45,6,10,8,1,12641.09,12649.99,12648.39,12646.122857142856,12606.778666666667,980,TRAIN
2023-10-09,3142.39,4008.64,5438.66,12589.69,0,10,9,0,12578.45,12667.4,12587.47,12635.902857142859,12605.906666666668,981,TRAIN
2023-10-10,3160.23,3974.77,5410.15,12545.15,1,10,10,0,12589.69,12664.46,12528.3,12624.801428571429,12605.797666666667,982,TRAIN
2023-10-11,3163.01,3988.95,5509.0,12660.96,2,10,11,0,12545.15,12669.21,12558.26,12607.757142857143,12602.978,983,TRAIN
2023-10-12,3161.98,4017.17,5488.28,12667.43,3,10,12,0,12660.96,12656.87,12583.94,12606.578571428572,12605.883333333333,984,TRAIN
2023-10-13,3153.48,4014.1,5475.07,12642.65,4,10,13,0,12667.43,12573.84,12635.53,12608.087142857143,12608.812,985,TRAIN
2023-10-14,3167.23,3970.45,5448.74,12586.42,5,10,14,1,12642.65,12641.09,12501.5,12617.917142857144,12608.927333333333,986,TRAIN
2023-10-15,3120.88,3998.97,5421.13,12540.98,6,10,15,1,12586.42,12578.45,12649.99,12610.107142857143,12606.139,987,TRAIN
2023-10-16,3166.01,3964.64,5461.14,12591.79,0,10,16,0,12540.98,12589.69,12667.4,12604.754285714285,12602.529999999999,988,TRAIN
2023-10-17,3140.46,4018.72,5407.46,12566.64,1,10,17,0,12591.79,12545.15,12664.46,12605.054285714285,12604.395333333336,989,TRAIN
2023-10-18,3143.53,3973.6,5471.41,12588.54,2,10,18,0,12566.64,12660.96,12669.21,12608.124285714284,12603.303333333333,990,TRAIN
2023-10-19,3129.29,4004.82,5420.63,12554.74,3,10,19,0,12588.54,12667.43,12656.87,12597.778571428571,12603.901000000002,991,TRAIN
2023-10-20,3130.59,4010.72,5436.71,12578.02,4,10,20,0,12554.74,12642.65,12573.84,12581.680000000002,12601.447333333334,992,TRAIN
2023-10-21,3190.05,3988.94,5388.06,12567.05,5,10,21,1,12578.02,12586.42,12641.09,12572.447142857143,12602.755000000001,993,TRAIN
2023-10-22,3150.36,4001.05,5448.09,12599.5,6,10,22,1,12567.05,12540.98,12578.45,12569.679999999998,12600.709333333334,994,TRAIN
2023-10-23,3145.71,3999.98,5473.65,12619.34,0,10,23,0,12599.5,12591.79,12589.69,12578.039999999999,12599.979,995,TRAIN
2023-10-24,3139.8,4005.03,5451.22,12596.05,1,10,24,0,12619.34,12566.64,12545.15,12581.975714285714,12601.453333333333,996,TRAIN
2023-10-25,3160.04,4010.16,5425.31,12595.51,2,10,25,0,12596.05,12588.54,12660.96,12586.177142857143,12599.708666666667,997,TRAIN
2023-10-26,3120.44,4009.57,5479.19,12609.2,3,10,26,0,12595.51,12554.74,12667.43,12587.172857142856,12599.976666666666,998,TRAIN
2023-10-27,3125.31,4010.54,5485.89,12621.74,4,10,27,0,12609.2,12578.02,12642.65,12594.952857142858,12602.673333333334,999,TRAIN
2023-10-28,3135.18,4012.23,5465.95,12613.36,5,10,28,1,12621.74,12567.05,12586.42,12601.198571428571,12604.789333333332,1000,TRAIN
2023-10-29,3163.09,3995.77,5431.28,12590.14,6,10,29,1,12613.36,12599.5,12540.98,12607.814285714285,12605.77,1001,TRAIN
2023-10-30,3119.57,4004.83,5434.86,12559.26,0,10,30,0,12590.14,12619.34,12591.79,12606.477142857142,12604.257,1002,TRAIN
2023-10-31,3155.69,4009.14,5443.92,12608.75,1,10,31,0,12559.26,12596.05,12566.64,12597.894285714287,12606.182333333332,1003,TRAIN
2023-11-01,3131.93,4025.19,5475.03,12632.15,2,11,1,0,12608.75,12595.51,12588.54,12599.708571428573,12604.807666666666,1004,TRAIN
2023-11-02,3149.72,4020.34,5411.2,12581.26,3,11,2,0,12632.15,12609.2,12554.74,12604.942857142858,12603.632666666668,1005,TRAIN
2023-11-03,3133.46,4038.73,5475.44,12647.63,4,11,3,0,12581.26,12621.74,12578.02,12600.951428571427,12600.859333333334,1006,TRAIN
2023-11-04,3166.09,4002.14,5455.95,12624.18,5,11,4,1,12647.63,12613.36,12567.05,12604.65,12600.139999999998,1007,TRAIN
2023-11-05,3151.51,3978.76,5477.02,12607.29,6,11,5,1,12624.18,12590.14,12599.5,12606.195714285714,12599.050333333334,1008,TRAIN
2023-11-06,3175.45,3999.45,5439.67,12614.57,0,11,6,0,12607.29,12559.26,12619.34,12608.645714285714,12600.165333333334,1009,TRAIN
2023-11-07,3144.18,4011.68,5376.64,12532.5,1,11,7,0,12614.57,12608.75,12596.05,12616.547142857142,12599.281333333334,1010,TRAIN
2023-11-08,3158.11,3998.03,5398.11,12554.25,2,11,8,0,12532.5,12632.15,12595.51,12605.654285714283,12597.749666666667,1011,TRAIN
2023-11-09,3157.13,4005.13,5496.98,12659.24,3,11,9,0,12554.25,12581.26,12609.2,12594.525714285714,12596.568333333333,1012,TRAIN
2023-11-10,3147.87,4005.73,5436.15,12589.75,4,11,10,0,12659.24,12647.63,12621.74,12605.665714285715,12600.371333333334,1013,TRAIN
2023-11-11,3142.85,3987.07,5444.1,12574.02,5,11,11,1,12589.75,12624.18,12613.36,12597.397142857142,12597.997666666666,1014,TRAIN
2023-11-12,3139.29,4015.53,5406.84,12561.66,6,11,12,1,12574.02,12607.29,12590.14,12590.23142857143,12594.884,1015,TRAIN
2023-11-13,3145.68,3990.89,5462.19,12598.76,0,11,13,0,12561.66,12614.57,12559.26,12583.712857142858,12592.184333333333,1016,TRAIN
2023-11-14,3126.91,4010.48,5418.54,12555.93,1,11,14,0,12598.76,12532.5,12608.75,12581.454285714286,12592.595666666666,1017,TRAIN
2023-11-15,3123.23,4023.36,5426.74,12573.33,2,11,15,0,12555.93,12554.25,12632.15,12584.801428571427,12593.094000000001,1018,TRAIN
2023-11-16,3167.25,4010.48,5433.36,12611.09,3,11,16,0,12573.33,12659.24,12581.26,12587.527142857141,12592.478666666666,1019,TRAIN
2023-11-17,3179.6,3950.09,5480.13,12609.82,4,11,17,0,12611.09,12589.75,12647.63,12580.648571428572,12593.960333333333,1020,TRAIN
2023-11-18,3165.92,3969.81,5412.88,12548.61,5,11,18,1,12609.82,12574.02,12624.18,12583.515714285715,12594.669666666665,1021,TRAIN
2023-11-19,3138.58,4000.86,5389.89,12529.33,6,11,19,1,12548.61,12561.66,12607.29,12579.885714285714,12594.465333333334,1022,TRAIN
2023-11-20,3122.62,4026.64,5464.34,12613.6,0,11,20,0,12529.33,12598.76,12614.57,12575.267142857143,12592.842333333332,1023,TRAIN
2023-11-21,3156.18,4008.72,5428.48,12593.38,1,11,21,0,12613.6,12555.93,12532.5,12577.387142857144,12594.394,1024,TRAIN
2023-11-22,3132.58,4020.75,5354.12,12507.45,2,11,22,0,12593.38,12573.33,12554.25,12582.73714285714,12594.19,1025,TRAIN
2023-11-23,3175.67,3983.97,5395.83,12555.47,3,11,23,0,12507.45,12611.09,12659.24,12573.325714285715,12590.460333333333,1026,TRAIN
2023-11-24,3170.08,4011.49,5484.15,12665.72,4,11,24,0,12555.47,12609.82,12589.75,12565.38,12589.107666666669,1027,TRAIN
2023-11-25,3148.07,4000.03,5394.48,12542.58,5,11,25,1,12665.72,12548.61,12574.02,12573.365714285714,12591.448,1028,TRAIN
2023-11-26,3142.82,4010.17,5389.15,12542.14,6,11,26,1,12542.58,12529.33,12561.66,12572.504285714285,12589.227333333334,1029,TRAIN
2023-11-27,3140.03,4010.0,5473.28,12623.31,0,11,27,0,12542.14,12613.6,12598.76,12574.334285714285,12586.574,1030,TRAIN
2023-11-28,3109.13,4003.81,5511.73,12624.67,1,11,28,0,12623.31,12593.38,12555.93,12575.721428571427,12586.905666666666,1031,TRAIN
2023-11-29,3140.31,4056.47,5412.22,12609.0,2,11,29,0,12624.67,12507.45,12573.33,12580.191428571428,12588.056666666667,1032,TRAIN
2023-11-30,3125.35,4006.37,5480.38,12612.1,3,11,30,0,12609.0,12555.47,12611.09,12594.69857142857,12589.714666666667,1033,TRAIN
2023-12-01,3138.21,3990.38,5390.73,12519.32,4,12,1,0,12612.1,12665.72,12609.82,12602.788571428571,12589.826333333334,1034,TRAIN
2023-12-02,3151.59,3988.69,5361.27,12501.55,5,12,2,1,12519.32,12542.58,12548.61,12581.874285714284,12586.065333333332,1035,TRAIN
2023-12-03,3146.67,4029.8,5473.89,12650.36,6,12,3,1,12501.55,12542.14,12529.33,12576.012857142856,12583.408333333333,1036,TRAIN
2023-12-04,3159.43,4004.17,5484.09,12647.69,0,12,4,0,12650.36,12623.31,12613.6,12591.472857142857,12583.499333333333,1037,TRAIN
2023-12-05,3147.24,3993.83,5460.96,12602.03,1,12,5,0,12647.69,12624.67,12593.38,12594.955714285714,12584.283,1038,TRAIN
2023-12-06,3187.48,4026.87,5496.39,12710.74,2,12,6,0,12602.03,12609.0,12507.45,12591.721428571429,12584.107666666667,1039,TRAIN
2023-12-07,3143.32,4017.38,5448.88,12609.58,3,12,7,0,12710.74,12612.1,12555.47,12606.255714285715,12587.313333333332,1040,TRAIN
2023-12-08,3154.88,4044.31,5442.71,12641.9,4,12,8,0,12609.58,12519.32,12665.72,12605.895714285714,12589.882666666666,1041,TRAIN
2023-12-09,3148.28,4011.71,5430.74,12590.73,5,12,9,1,12641.9,12501.55,12542.58,12623.407142857144,12592.804333333333,1042,TRAIN
2023-12-10,3144.19,4025.43,5410.87,12580.49,6,12,10,1,12590.73,12650.36,12542.14,12636.147142857142,12590.520666666667,1043,TRAIN
2023-12-11,3145.09,4028.42,5442.5,12616.01,0,12,11,0,12580.49,12647.69,12623.31,12626.165714285715,12590.212,1044,TRAIN
2023-12-12,3146.47,4008.25,5400.51,12555.23,1,12,12,0,12616.01,12602.03,12624.67,12621.64,12591.611666666666,1045,TRAIN
2023-12-13,3178.87,3996.8,5461.96,12637.63,2,12,13,0,12555.23,12710.74,12609.0,12614.954285714286,12591.397333333332,1046,TRAIN
2023-12-14,3156.11,4018.86,5367.33,12542.3,3,12,14,0,12637.63,12609.58,12612.1,12604.509999999998,12592.693,1047,TRAIN
2023-12-15,3148.0,4015.17,5454.67,12617.84,4,12,15,0,12542.3,12641.9,12519.32,12594.89857142857,12592.238666666668,1048,TRAIN
2023-12-16,3142.6,4001.27,5431.34,12575.21,5,12,16,1,12617.84,12590.73,12501.55,12591.461428571429,12593.722333333333,1049,TRAIN
2023-12-17,3126.08,3985.62,5448.65,12560.35,6,12,17,1,12575.21,12580.49,12650.36,12589.244285714287,12592.526333333335,1050,TRAIN
2023-12-18,3159.05,4007.07,5425.94,12592.06,0,12,18,0,12560.35,12616.01,12647.69,12586.367142857142,12590.877333333334,1051,TRAIN
2023-12-19,3149.41,4025.77,5431.81,12606.99,1,12,19,0,12592.06,12555.23,12602.03,12582.945714285714,12592.325666666666,1052,TRAIN
2023-12-20,3154.17,4014.23,5452.44,12620.84,2,12,20,0,12606.99,12637.63,12710.74,12590.339999999998,12594.914333333332,1053,TRAIN
2023-12-21,3135.64,4006.05,5438.04,12579.73,3,12,21,0,12620.84,12542.3,12609.58,12587.941428571428,12595.155666666666,1054,TRAIN
2023-12-22,3136.16,4010.3,5463.22,12609.68,4,12,22,0,12579.73,12617.84,12641.9,12593.288571428571,12594.700666666666,1055,TRAIN
2023-12-23,3129.9,4008.64,5482.21,12620.75,5,12,23,1,12609.68,12575.21,12590.73,12592.122857142856,12598.108333333334,1056,TRAIN
2023-12-24,3137.77,3987.98,5480.95,12606.7,6,12,24,1,12620.75,12560.35,12580.49,12598.628571428571,12600.284333333333,1057,TRAIN
2023-12-25,3142.34,4001.73,5439.59,12583.66,0,12,25,0,12606.7,12592.06,12616.01,12605.25,12598.317000000001,1058,TRAIN
2023-12-26,3144.31,4019.93,5413.17,12577.41,1,12,26,0,12583.66,12606.99,12555.23,12604.050000000001,12599.686333333335,1059,TRAIN
2023-12-27,3152.89,3988.45,5431.98,12573.32,2,12,27,0,12577.41,12620.84,12637.63,12599.824285714287,12600.862,1060,TRAIN
2023-12-28,3144.35,3997.2,5478.2,12619.75,3,12,28,0,12573.32,12579.73,12542.3,12593.035714285714,12599.195666666667,1061,TRAIN
2023-12-29,3151.12,3995.18,5415.55,12561.85,4,12,29,0,12619.75,12609.68,12617.84,12598.752857142856,12599.031666666668,1062,TRAIN
2023-12-30,3129.64,4041.23,5417.96,12588.83,5,12,30,1,12561.85,12620.75,12575.21,12591.92,12597.46,1063,TRAIN
2023-12-31,3149.17,4021.89,5466.93,12637.99,6,12,31,1,12588.83,12606.7,12560.35,12587.36,12596.684333333333,1064,TRAIN
2024-01-01,3310.65,4243.76,5773.68,13328.09,0,1,1,0,12637.99,12583.66,12592.06,12591.83,12600.640000000001,1065,TRAIN
2024-01-02,3316.63,4212.78,5731.14,13260.55,1,1,2,0,13328.09,12577.41,12606.99,12698.177142857143,12628.191333333332,1066,TRAIN
2024-01-03,3306.85,4241.93,5771.39,13320.17,2,1,3,0,13260.55,12573.32,12620.84,12795.768571428573,12648.530999999999,1067,TRAIN
2024-01-04,3300.33,4222.38,5742.9,13265.61,3,1,4,0,13320.17,12619.75,12579.73,12902.46142857143,12670.946999999998,1068,TRAIN
2024-01-05,3306.47,4226.13,5754.85,13287.45,4,1,5,0,13265.61,12561.85,12609.68,12994.727142857144,12693.066333333332,1069,TRAIN
2024-01-06,3348.06,4241.04,5795.38,13384.48,5,1,6,1,13287.45,12588.83,12620.75,13098.384285714286,12712.29,1070,TRAIN
2024-01-07,3328.83,4249.02,5733.59,13311.44,6,1,7,1,13384.48,12637.99,12606.7,13212.048571428571,12738.12,1071,TRAIN
2024-01-08,3313.41,4228.03,5748.91,13290.35,0,1,8,0,13311.44,13328.09,12583.66,13308.255714285715,12760.438,1072,TRAIN
2024-01-09,3297.02,4207.55,5687.54,13192.11,1,1,9,0,13290.35,13260.55,12577.41,13302.864285714286,12783.758666666667,1073,TRAIN
2024-01-10,3323.63,4243.46,5776.31,13343.4,2,1,10,0,13192.11,13320.17,12573.32,13293.087142857143,12804.146,1074,TRAIN
2024-01-11,3341.59,4206.34,5669.89,13217.82,3,1,11,0,13343.4,13265.61,12619.75,13296.405714285715,12828.392333333333,1075,TRAIN
2024-01-12,3310.83,4272.8,5727.39,13311.02,4,1,12,0,13217.82,13287.45,12561.85,13289.57857142857,12850.478666666668,1076,TRAIN
2024-01-13,3300.13,4216.94,5736.32,13253.39,5,1,13,1,13311.02,13384.48,12588.83,13292.945714285714,12872.925,1077,TRAIN
2024-01-14,3296.79,4199.67,5745.01,13241.47,6,1,14,1,13253.39,13311.44,12637.99,13274.218571428572,12896.627999999999,1078,TRAIN
2024-01-15,3310.07,4228.17,5671.43,13209.67,0,1,15,0,13241.47,13290.35,13328.09,13264.222857142857,12917.415666666668,1079,TRAIN
2024-01-16,3327.86,4214.56,5756.82,13299.24,1,1,16,0,13209.67,13192.11,13260.55,13252.697142857141,12938.564333333334,1080,TRAIN
2024-01-17,3318.24,4295.78,5788.37,13402.39,2,1,17,0,13299.24,13343.4,13320.17,13268.001428571428,12963.194,1081,TRAIN
2024-01-18,3298.64,4213.04,5714.15,13225.83,3,1,18,0,13402.39,13217.82,13265.61,13276.42857142857,12990.205,1082,TRAIN
2024-01-19,3334.24,4221.85,5677.94,13234.03,4,1,19,0,13225.83,13311.02,13287.45,13277.572857142857,13010.833,1083,TRAIN
2024-01-20,3342.02,4245.26,5790.46,13377.74,5,1,20,1,13234.03,13253.39,13384.48,13266.574285714287,13031.272666666666,1084,TRAIN
2024-01-21,3320.81,4235.27,5759.87,13315.95,6,1,21,1,13377.74,13241.47,13311.44,13284.33857142857,13057.873,1085,TRAIN
2024-01-22,3301.5,4209.29,5783.86,13294.65,0,1,22,0,13315.95,13209.67,13290.35,13294.978571428572,13081.415333333334,1086,TRAIN
2024-01-23,3289.57,4189.15,5778.71,13257.43,1,1,23,0,13294.65,13299.24,13192.11,13307.118571428571,13103.878666666667,1087,TRAIN
2024-01-24,3312.49,4237.47,5766.54,13316.5,2,1,24,0,13257.43,13402.39,13343.4,13301.145714285714,13125.569666666668,1088,TRAIN
2024-01-25,3330.48,4264.19,5705.92,13300.59,3,1,25,0,13316.5,13225.83,13217.82,13288.875714285716,13149.997666666666,1089,TRAIN
2024-01-26,3325.51,4227.74,5694.47,13247.72,4,1,26,0,13300.59,13234.03,13311.02,13299.555714285714,13174.103666666666,1090,TRAIN
2024-01-27,3319.54,4199.54,5708.58,13227.66,5,1,27,1,13247.72,13377.74,13253.39,13301.511428571428,13196.583666666667,1091,TRAIN
2024-01-28,3308.56,4207.02,5714.47,13230.05,6,1,28,1,13227.66,13315.95,13241.47,13280.07142857143,13216.847333333333,1092,TRAIN
2024-01-29,3327.49,4211.37,5695.6,13234.46,0,1,29,0,13230.05,13294.65,13209.67,13267.8,13239.120666666666,1093,TRAIN
2024-01-30,3291.46,4222.78,5812.43,13326.67,1,1,30,0,13234.46,13257.43,13299.24,13259.201428571429,13260.641666666666,1094,TRAIN
2024-01-31,3318.76,4202.7,5682.45,13203.91,2,1,31,0,13326.67,13316.5,13402.39,13269.092857142856,13283.597666666667,1095,TRAIN
2024-02-01,3349.56,4207.57,5720.82,13277.95,3,2,1,0,13203.91,13300.59,13225.83,13253.00857142857,13279.458333333334,1096,TRAIN
2024-02-02,3300.63,4187.84,5722.88,13211.35,4,2,2,0,13277.95,13247.72,13234.03,13249.774285714286,13280.038333333332,1097,TRAIN
2024-02-03,3324.13,4218.7,5730.87,13273.7,5,2,3,1,13211.35,13227.66,13377.74,13244.57857142857,13276.411,1098,TRAIN
2024-02-04,3317.6,4212.56,5738.57,13268.73,6,2,4,1,13273.7,13230.05,13315.95,13251.155714285715,13276.680666666669,1099,TRAIN
2024-02-05,3307.82,4203.0,5798.09,13308.91,0,2,5,0,13268.73,13234.46,13294.65,13256.68142857143,13276.056666666667,1100,TRAIN
2024-02-06,3376.78,4218.39,5731.61,13326.78,1,2,6,0,13308.91,13326.67,13257.43,13267.317142857142,13273.537666666665,1101,TRAIN
2024-02-07,3310.34,4240.75,5763.61,13314.7,2,2,7,0,13326.78,13203.91,13316.5,13267.332857142857,13274.048999999999,1102,TRAIN
2024-02-08,3333.35,4240.12,5782.35,13355.82,3,2,8,0,13314.7,13277.95,13300.59,13283.16,13274.860666666667,1103,TRAIN
2024-02-09,3315.87,4253.27,5666.49,13235.63,4,2,9,0,13355.82,13211.35,13247.72,13294.284285714286,13280.317666666668,1104,TRAIN
2024-02-10,3342.28,4212.63,5767.24,13322.15,5,2,10,1,13235.63,13273.7,13227.66,13297.752857142857,13276.725333333334,1105,TRAIN
2024-02-11,3300.84,4184.35,5701.54,13186.73,6,2,11,1,13322.15,13268.73,13230.05,13304.674285714285,13280.203,1106,TRAIN
2024-02-12,3306.42,4218.58,5713.29,13238.29,0,2,12,0,13186.73,13308.91,13234.46,13292.960000000001,13276.06,1107,TRAIN
2024-02-13,3274.6,4224.6,5828.57,13327.77,1,2,13,0,13238.29,13326.78,13326.67,13282.871428571427,13275.556666666667,1108,TRAIN
2024-02-14,3334.17,4216.25,5683.17,13233.59,2,2,14,0,13327.77,13314.7,13203.91,13283.012857142856,13278.433333333332,1109,TRAIN
2024-02-15,3308.3,4210.29,5723.5,13242.09,3,2,15,0,13233.59,13355.82,13277.95,13271.425714285713,13279.230666666666,1110,TRAIN
2024-02-16,3296.14,4229.82,5731.21,13257.17,4,2,16,0,13242.09,13235.63,13211.35,13255.17857142857,13277.325666666668,1111,TRAIN
2024-02-17,3321.4,4225.22,5764.33,13310.95,5,2,17,1,13257.17,13322.15,13273.7,13258.255714285715,13272.484999999999,1112,TRAIN
2024-02-18,3318.33,4188.93,5755.53,13262.79,6,2,18,1,13310.95,13186.73,13268.73,13256.655714285715,13275.322333333335,1113,TRAIN
2024-02-19,3297.54,4176.22,5788.18,13261.94,0,2,19,0,13262.79,13238.29,13308.91,13267.521428571428,13276.280999999999,1114,TRAIN
2024-02-20,3329.39,4234.02,5682.63,13246.04,1,2,20,0,13261.94,13327.77,13326.78,13270.9,13272.421,1115,TRAIN
2024-02-21,3289.35,4214.78,5684.56,13188.69,2,2,21,0,13246.04,13233.59,13314.7,13259.224285714286,13270.090666666665,1116,TRAIN
2024-02-22,3293.42,4225.24,5793.03,13311.69,3,2,22,0,13188.69,13242.09,13355.82,13252.810000000001,13266.558666666666,1117,TRAIN
2024-02-23,3302.61,4217.53,5754.65,13274.79,4,2,23,0,13311.69,13257.17,13235.63,13262.752857142857,13268.367333333332,1118,TRAIN
2024-02-24,3323.0,4241.61,5699.57,13264.18,5,2,24,1,13274.79,13310.95,13322.15,13265.27,13266.977,1119,TRAIN
2024-02-25,3308.31,4222.38,5741.67,13272.36,6,2,25,1,13264.18,13262.79,13186.73,13258.588571428572,13265.763333333334,1120,TRAIN
2024-02-26,3288.62,4240.05,5730.24,13258.91,0,2,26,0,13272.36,13261.94,13238.29,13259.955714285717,13266.584666666666,1121,TRAIN
2024-02-27,3293.15,4166.25,5695.06,13154.46,1,2,27,0,13258.91,13246.04,13327.77,13259.522857142858,13267.626333333335,1122,TRAIN
2024-02-28,3308.24,4244.42,5764.23,13316.89,2,2,28,0,13154.46,13188.69,13233.59,13246.44,13265.106666666667,1123,TRAIN
2024-02-29,3324.4,4222.19,5782.94,13329.53,3,2,29,0,13316.89,13311.69,13242.09,13264.754285714285,13267.854333333333,1124,TRAIN
2024-03-01,3364.29,4874.96,5750.22,13989.47,4,3,1,0,13329.53,13274.79,13257.17,13267.302857142857,13267.949666666666,1125,TRAIN
2024-03-02,3298.77,4871.07,5727.72,13897.56,5,3,2,1,13989.47,13264.18,13310.95,13369.4,13294.135,1126,TRAIN
2024-03-03,3327.8,4861.4,5708.94,13898.14,6,3,3,1,13897.56,13272.36,13262.79,13459.882857142857,13314.788666666667,1127,TRAIN
2024-03-04,3343.13,4872.63,5721.44,13937.2,0,3,4,0,13898.14,13258.91,13261.94,13549.279999999999,13337.681666666667,1128,TRAIN
2024-03-05,3326.01,4874.88,5700.98,13901.87,1,3,5,0,13937.2,13154.46,13246.04,13646.17857142857,13359.798333333334,1129,TRAIN
2024-03-06,3303.72,4825.7,5737.11,13866.53,2,3,6,0,13901.87,13316.89,13188.69,13752.951428571429,13380.903,1130,TRAIN
2024-03-07,3290.77,4887.62,5721.77,13900.16,3,3,7,0,13866.53,13329.53,13311.69,13831.471428571429,13399.490333333333,1131,TRAIN
2024-03-08,3324.97,4820.31,5730.33,13875.61,4,3,8,0,13900.16,13989.47,13274.79,13912.99,13418.603000000001,1132,TRAIN
2024-03-09,3305.43,4882.59,5750.53,13938.55,5,3,9,1,13875.61,13897.56,13264.18,13896.724285714286,13437.3,1133,TRAIN
2024-03-10,3343.3,4901.35,5673.26,13917.91,6,3,10,1,13938.55,13898.14,13272.36,13902.58,13456.724333333334,1134,TRAIN
2024-03-11,3318.4,4834.45,5773.97,13926.82,0,3,11,0,13917.91,13937.2,13258.91,13905.404285714287,13479.467,1135,TRAIN
2024-03-12,3338.74,4865.87,5662.19,13866.8,1,3,12,0,13926.82,13901.87,13154.46,13903.92142857143,13499.622666666666,1136,TRAIN
2024-03-13,3305.99,4802.1,5728.72,13836.81,2,3,13,0,13866.8,13866.53,13316.89,13898.911428571428,13522.291666666668,1137,TRAIN
2024-03-14,3321.52,4868.78,5732.18,13922.48,3,3,14,0,13836.81,13900.16,13329.53,13894.665714285713,13542.242333333334,1138,TRAIN
2024-03-15,3312.92,4880.85,5775.53,13969.3,4,3,15,0,13922.48,13875.61,13989.47,13897.854285714287,13562.065999999999,1139,TRAIN
2024-03-16,3298.65,4843.23,5695.86,13837.74,5,3,16,1,13969.3,13938.55,13897.56,13911.238571428568,13586.589666666667,1140,TRAIN
2024-03-17,3326.86,4845.18,5713.97,13886.01,6,3,17,1,13837.74,13917.91,13898.14,13896.837142857143,13606.444666666666,1141,TRAIN
2024-03-18,3324.49,4904.17,5640.87,13869.53,0,3,18,0,13886.01,13926.82,13937.2,13892.279999999999,13627.405999999999,1142,TRAIN
2024-03-19,3311.37,4859.69,5746.34,13917.4,1,3,19,0,13869.53,13866.8,13901.87,13884.095714285711,13646.025333333333,1143,TRAIN
2024-03-20,3320.94,4844.13,5773.16,13938.23,2,3,20,0,13917.4,13836.81,13866.53,13891.324285714287,13667.845666666666,1144,TRAIN
2024-03-21,3301.44,4836.28,5791.71,13929.43,3,3,21,0,13938.23,13922.48,13900.16,13905.812857142857,13690.388666666668,1145,TRAIN
2024-03-22,3320.86,4846.24,5774.2,13941.3,4,3,22,0,13929.43,13969.3,13875.61,13906.805714285714,13713.168333333335,1146,TRAIN
2024-03-23,3304.67,4851.87,5734.56,13891.1,5,3,23,1,13941.3,13837.74,13938.55,13902.805714285714,13738.255333333334,1147,TRAIN
2024-03-24,3297.66,4857.36,5767.46,13922.48,6,3,24,1,13891.1,13886.01,13917.91,13910.42857142857,13757.569,1148,TRAIN
2024-03-25,3326.4,4859.41,5739.17,13924.98,0,3,25,0,13922.48,13869.53,13926.82,13915.638571428572,13779.158666666666,1149,TRAIN
2024-03-26,3312.03,4844.34,5771.8,13928.17,1,3,26,0,13924.98,13917.4,13866.8,13923.560000000001,13801.185333333333,1150,TRAIN
2024-03-27,3343.74,4838.8,5708.84,13891.38,2,3,27,0,13928.17,13938.23,13836.81,13925.098571428573,13823.045666666667,1151,TRAIN
2024-03-28,3296.1,4850.38,5690.32,13836.8,3,3,28,0,13891.38,13929.43,13922.48,13918.405714285715,13844.127999999999,1152,TRAIN
2024-03-29,3304.66,4841.21,5708.74,13854.61,4,3,29,0,13836.8,13941.3,13969.3,13905.172857142856,13866.872666666666,1153,TRAIN
2024-03-30,3312.19,4865.17,5709.03,13886.39,5,3,30,1,13854.61,13891.1,13837.74,13892.788571428571,13884.796666666667,1154,TRAIN
2024-03-31,3313.46,4844.19,5710.45,13868.1,6,3,31,1,13886.39,13922.48,13886.01,13892.115714285714,13903.358666666665,1155,TRAIN
2024-04-01,3294.71,4869.13,5741.02,13904.86,0,4,1,0,13868.1,13924.98,13869.53,13884.347142857145,13899.313,1156,TRAIN
2024-04-02,3312.63,4873.08,5753.63,13939.34,1,4,2,0,13904.86,13928.17,13917.4,13881.472857142859,13899.556333333334,1157,TRAIN
2024-04-03,3304.88,4853.07,5710.4,13868.35,2,4,3,0,13939.34,13891.38,13938.23,13883.06857142857,13900.929666666665,1158,TRAIN
2024-04-04,3347.83,4829.69,5775.84,13953.36,3,4,4,0,13868.35,13836.8,13929.43,13879.778571428573,13898.634666666667,1159,TRAIN
2024-04-05,3298.15,4843.97,5763.32,13905.44,4,4,5,0,13953.36,13854.61,13941.3,13896.430000000002,13900.350999999999,1160,TRAIN
2024-04-06,3328.74,4865.01,5705.57,13899.32,5,4,6,1,13905.44,13886.39,13891.1,13903.691428571428,13901.648,1161,TRAIN
2024-04-07,3328.81,4863.81,5737.53,13930.15,6,4,7,1,13899.32,13868.1,13922.48,13905.538571428571,13901.619999999999,1162,TRAIN
2024-04-08,3327.94,4866.87,5791.01,13985.82,0,4,8,0,13930.15,13904.86,13924.98,13914.402857142855,13903.438,1163,TRAIN
2024-04-09,3348.65,4831.64,5771.44,13951.73,1,4,9,0,13985.82,13939.34,13928.17,13925.968571428572,13905.013666666666,1164,TRAIN
2024-04-10,3311.13,4815.77,5713.48,13840.38,2,4,10,0,13951.73,13868.35,13891.38,13927.738571428572,13906.141000000001,1165,TRAIN
2024-04-11,3322.06,4883.48,5740.15,13945.69,3,4,11,0,13840.38,13953.36,13836.8,13923.742857142859,13903.259666666669,1166,TRAIN
2024-04-12,3294.8,4867.89,5711.03,13873.72,4,4,12,0,13945.69,13905.44,13854.61,13922.647142857142,13905.889333333333,1167,TRAIN
2024-04-13,3298.09,4856.47,5701.42,13855.98,5,4,13,1,13873.72,13899.32,13886.39,13918.115714285714,13907.119666666666,1168,TRAIN
2024-04-14,3311.7,4898.57,5714.95,13925.22,6,4,14,1,13855.98,13930.15,13868.1,13911.924285714285,13904.902999999998,1169,TRAIN
2024-04-15,3315.53,4841.21,5695.22,13851.96,0,4,15,0,13925.22,13985.82,13904.86,13911.220000000001,13903.433666666668,1170,TRAIN
2024-04-16,3320.21,4874.25,5755.95,13950.41,1,4,16,0,13851.96,13951.73,13939.34,13892.097142857141,13903.907666666666,1171,TRAIN
2024-04-17,3320.49,4859.69,5744.1,13924.28,2,4,17,0,13950.41,13840.38,13868.35,13891.908571428572,13906.054333333333,1172,TRAIN
2024-04-18,3324.53,4846.13,5840.42,14011.08,3,4,18,0,13924.28,13945.69,13953.36,13903.894285714285,13907.879333333332,1173,TRAIN
2024-04-19,3303.42,4826.01,5689.9,13819.33,4,4,19,0,14011.08,13873.72,13905.44,13913.235714285716,13911.002,1174,TRAIN
2024-04-20,3345.38,4872.85,5649.25,13867.48,5,4,20,1,13819.33,13855.98,13899.32,13905.465714285716,13907.038666666665,1175,TRAIN
2024-04-21,3296.42,4840.67,5733.13,13870.22,6,4,21,1,13867.48,13925.22,13930.15,13907.108571428571,13904.973666666665,1176,TRAIN
2024-04-22,3297.99,4892.88,5776.46,13967.33,0,4,22,0,13870.22,13851.96,13985.82,13899.25142857143,13902.604333333333,1177,TRAIN
2024-04-23,3330.86,4867.12,5726.61,13924.59,1,4,23,0,13967.33,13950.41,13951.73,13915.732857142857,13905.145333333332,1178,TRAIN
2024-04-24,3320.15,4905.55,5748.09,13973.79,2,4,24,0,13924.59,13924.28,13840.38,13912.044285714286,13905.215666666665,1179,TRAIN
2024-04-25,3318.43,4854.21,5673.27,13845.91,3,4,25,0,13973.79,14011.08,13945.69,13919.117142857142,13906.842666666666,1180,TRAIN
2024-04-26,3291.13,4870.03,5747.94,13909.1,4,4,26,0,13845.91,13819.33,13873.72,13895.521428571428,13904.100666666667,1181,TRAIN
2024-04-27,3290.8,4868.46,5744.37,13903.63,5,4,27,1,13909.1,13867.48,13855.98,13908.345714285713,13904.691333333332,1182,TRAIN
2024-04-28,3303.3,4855.25,5697.4,13855.95,6,4,28,1,13903.63,13870.22,13925.22,13913.509999999998,13906.919,1183,TRAIN
2024-04-29,3282.46,4803.01,5803.68,13889.15,0,4,29,0,13855.95,13967.33,13851.96,13911.471428571429,13906.963666666667,1184,TRAIN
2024-04-30,3295.53,4877.96,5695.27,13868.76,1,4,30,0,13889.15,13924.59,13950.41,13900.302857142857,13907.055666666669,1185,TRAIN
2024-05-01,3313.62,4842.05,5717.59,13873.26,2,5,1,0,13868.76,13973.79,13924.28,13892.327142857142,13907.077666666666,1186,TRAIN
2024-05-02,3311.95,4851.4,5766.3,13929.65,3,5,2,0,13873.26,13845.91,14011.08,13877.965714285716,13906.024333333333,1187,TRAIN
2024-05-03,3318.86,4831.2,5736.81,13886.87,4,5,3,0,13929.65,13909.1,13819.33,13889.92857142857,13905.701333333334,1188,TRAIN
2024-05-04,3314.67,4848.67,5718.77,13882.11,5,5,4,1,13886.87,13903.63,13867.48,13886.752857142856,13906.318666666666,1189,TRAIN
2024-05-05,3329.04,4840.93,5700.96,13870.93,6,5,5,1,13882.11,13855.95,13870.22,13883.67857142857,13903.943666666666,1190,TRAIN
2024-05-06,3312.92,4882.75,5705.83,13901.5,0,5,6,0,13870.93,13889.15,13967.33,13885.81857142857,13902.793333333333,1191,TRAIN
2024-05-07,3314.95,4894.35,5726.92,13936.22,1,5,7,0,13901.5,13868.76,13924.59,13887.582857142857,13902.866,1192,TRAIN
2024-05-08,3287.57,4857.73,5735.44,13880.74,2,5,8,0,13936.22,13873.26,13973.79,13897.220000000001,13903.068333333333,1193,TRAIN
2024-05-09,3297.12,4887.85,5741.02,13925.99,3,5,9,0,13880.74,13929.65,13845.91,13898.28857142857,13899.565666666667,1194,TRAIN
2024-05-10,3313.3,4852.42,5734.61,13900.33,4,5,10,0,13925.99,13886.87,13909.1,13897.765714285715,13898.707666666665,1195,TRAIN
2024-05-11,3338.61,4857.66,5781.88,13978.15,5,5,11,1,13900.33,13882.11,13903.63,13899.68857142857,13900.706,1196,TRAIN
2024-05-12,3292.1,4887.9,5696.83,13876.83,6,5,12,1,13978.15,13870.93,13855.95,13913.40857142857,13901.787999999999,1197,TRAIN
2024-05-13,3317.87,4857.44,5750.2,13925.51,0,5,13,0,13876.83,13901.5,13889.15,13914.251428571428,13901.891666666666,1198,TRAIN
2024-05-14,3305.33,4894.8,5791.85,13991.98,1,5,14,0,13925.51,13936.22,13868.76,13917.68142857143,13904.209333333334,1199,TRAIN
2024-05-15,3292.63,4882.53,5727.15,13902.31,2,5,15,0,13991.98,13880.74,13873.26,13925.647142857142,13906.434666666666,1200,TRAIN
2024-05-16,3327.33,4835.77,5717.65,13880.75,3,5,16,0,13902.31,13925.99,13929.65,13928.728571428572,13908.113,1201,TRAIN
2024-05-17,3317.59,4838.82,5773.36,13929.77,4,5,17,0,13880.75,13900.33,13886.87,13922.265714285715,13905.791,1202,TRAIN
2024-05-18,3295.01,4835.75,5737.45,13868.21,5,5,18,1,13929.77,13978.15,13882.11,13926.471428571429,13905.974,1203,TRAIN
2024-05-19,3325.7,4861.57,5687.17,13874.44,6,5,19,1,13868.21,13876.83,13870.93,13910.765714285715,13901.211666666668,1204,TRAIN
2024-05-20,3281.35,4879.55,5666.13,13827.03,0,5,20,0,13874.44,13925.51,13901.5,13910.424285714285,13903.048666666667,1205,TRAIN
2024-05-21,3333.51,4878.57,5725.02,13937.1,1,5,21,0,13827.03,13991.98,13936.22,13896.355714285713,13901.700333333334,1206,TRAIN
2024-05-22,3327.44,4875.58,5730.76,13933.78,2,5,22,0,13937.1,13902.31,13880.74,13888.515714285715,13903.929666666665,1207,TRAIN
2024-05-23,3299.53,4869.78,5713.12,13882.43,3,5,23,0,13933.78,13880.75,13925.99,13893.011428571428,13902.811333333335,1208,TRAIN
2024-05-24,3311.12,4852.05,5743.51,13906.68,4,5,24,0,13882.43,13929.77,13900.33,13893.25142857143,13901.405999999999,1209,TRAIN
2024-05-25,3325.18,4880.13,5702.0,13907.31,5,5,25,1,13906.68,13868.21,13978.15,13889.952857142856,13899.169,1210,TRAIN
2024-05-26,3292.46,4869.74,5687.94,13850.14,6,5,26,1,13907.31,13874.44,13876.83,13895.538571428571,13901.215666666665,1211,TRAIN
2024-05-27,3348.3,4872.26,5757.0,13977.56,0,5,27,0,13850.14,13827.03,13925.51,13892.067142857142,13899.250333333333,1212,TRAIN
2024-05-28,3318.89,4846.38,5711.68,13876.95,1,5,28,0,13977.56,13937.1,13991.98,13913.57142857143,13901.714666666667,1213,TRAIN
2024-05-29,3342.93,4834.15,5768.04,13945.12,2,5,29,0,13876.95,13933.78,13902.31,13904.978571428572,13902.414666666667,1214,TRAIN
2024-05-30,3276.17,4830.52,5684.04,13790.73,3,5,30,0,13945.12,13882.43,13880.75,13906.598571428573,13904.280333333334,1215,TRAIN
2024-05-31,3321.41,4872.29,5765.09,13958.79,4,5,31,0,13790.73,13906.68,13929.77,13893.498571428572,13901.679333333333,1216,TRAIN
2024-06-01,3332.84,4218.11,5773.66,13324.61,5,6,1,1,13958.79,13907.31,13868.21,13900.942857142858,13904.530333333334,1217,TRAIN
2024-06-02,3301.84,4198.7,5707.08,13207.62,6,6,2,1,13324.61,13850.14,13874.44,13817.7,13884.362333333333,1218,TRAIN
2024-06-03,3299.27,4194.09,5695.17,13188.53,0,6,3,0,13207.62,13977.56,13827.03,13725.91142857143,13861.720666666666,1219,TRAIN
2024-06-04,3300.31,4223.96,5742.97,13267.24,1,6,4,0,13188.53,13876.95,13937.1,13613.192857142858,13838.601333333334,1220,TRAIN
2024-06-05,3281.55,4187.11,5695.36,13164.02,2,6,5,0,13267.24,13945.12,13933.78,13526.091428571428,13818.478333333334,1221,TRAIN
2024-06-06,3302.3,4205.34,5700.89,13208.53,3,6,6,0,13164.02,13790.73,13882.43,13414.505714285715,13793.895666666667,1222,TRAIN
2024-06-07,3325.61,4229.75,5736.65,13292.01,4,6,7,0,13208.53,13958.79,13906.68,13331.334285714287,13769.639333333333,1223,TRAIN
2024-06-08,3305.44,4226.33,5758.32,13290.09,5,6,8,1,13292.01,13324.61,13907.31,13236.08,13750.015000000001,1224,TRAIN
2024-06-09,3326.01,4250.03,5773.87,13349.91,6,6,9,1,13290.09,13207.62,13850.14,13231.14857142857,13728.818333333333,1225,TRAIN
2024-06-10,3319.17,4232.94,5711.48,13263.59,0,6,10,0,13349.91,13188.53,13977.56,13251.475714285714,13710.471,1226,TRAIN
2024-06-11,3316.97,4255.52,5733.59,13306.08,1,6,11,0,13263.59,13267.24,13876.95,13262.198571428571,13686.652333333333,1227,TRAIN
2024-06-12,3323.93,4223.27,5746.66,13293.86,2,6,12,0,13306.08,13164.02,13945.12,13267.747142857143,13667.627333333334,1228,TRAIN
2024-06-13,3282.33,4217.07,5748.91,13248.31,3,6,13,0,13293.86,13208.53,13790.73,13286.295714285714,13646.572333333334,1229,TRAIN
2024-06-14,3310.06,4150.59,5784.83,13245.48,4,6,14,0,13248.31,13292.01,13958.79,13291.97857142857,13621.783333333333,1230,TRAIN
2024-06-15,3309.37,4251.54,5746.61,13307.52,5,6,15,1,13245.48,13290.09,13324.61,13285.33142857143,13599.889000000001,1231,TRAIN
2024-06-16,3282.78,4242.96,5730.02,13255.76,6,6,16,1,13307.52,13349.91,13207.62,13287.82142857143,13580.781333333334,1232,TRAIN
2024-06-17,3318.16,4224.92,5759.04,13302.12,0,6,17,0,13255.76,13263.59,13188.53,13274.371428571429,13558.314333333334,1233,TRAIN
2024-06-18,3286.68,4224.4,5641.41,13152.49,1,6,18,0,13302.12,13306.08,13267.24,13279.875714285716,13539.444666666666,1234,TRAIN
2024-06-19,3325.36,4274.61,5739.24,13339.21,2,6,19,0,13152.49,13293.86,13164.02,13257.934285714287,13515.379666666666,1235,TRAIN
2024-06-20,3333.46,4206.86,5787.52,13327.84,3,6,20,0,13339.21,13248.31,13208.53,13264.412857142857,13499.119,1236,TRAIN
2024-06-21,3335.62,4230.0,5678.37,13243.99,4,6,21,0,13327.84,13245.48,13292.01,13275.774285714286,13478.810333333335,1237,TRAIN
2024-06-22,3325.01,4221.44,5750.36,13296.81,5,6,22,1,13243.99,13307.52,13290.09,13275.56142857143,13455.817333333334,1238,TRAIN
2024-06-23,3289.64,4240.24,5728.76,13258.64,6,6,23,1,13296.81,13255.76,13349.91,13274.031428571428,13436.296666666667,1239,TRAIN
2024-06-24,3326.67,4233.29,5764.12,13324.08,0,6,24,0,13258.64,13302.12,13263.59,13274.442857142856,13414.695333333335,1240,TRAIN
2024-06-25,3328.7,4196.19,5714.01,13238.9,1,6,25,0,13324.08,13152.49,13306.08,13277.58,13395.254333333334,1241,TRAIN
2024-06-26,3333.84,4203.0,5748.43,13285.27,2,6,26,0,13238.9,13339.21,13293.86,13289.924285714284,13374.879666666668,1242,TRAIN
2024-06-27,3298.2,4219.26,5764.43,13281.89,3,6,27,0,13285.27,13327.84,13248.31,13282.218571428572,13351.803333333335,1243,TRAIN
2024-06-28,3332.73,4264.95,5760.48,13358.16,4,6,28,0,13281.89,13243.99,13245.48,13275.654285714287,13331.967999999999,1244,TRAIN
2024-06-29,3302.78,4245.87,5684.15,13232.8,5,6,29,1,13358.16,13296.81,13307.52,13291.964285714286,13312.402666666667,1245,TRAIN
2024-06-30,3281.38,4213.89,5688.51,13183.78,6,6,30,1,13232.8,13258.64,13255.76,13282.820000000002,13293.805,1246,TRAIN
2024-07-01,3305.95,4236.14,5741.4,13283.49,0,7,1,0,13183.78,13324.08,13302.12,13272.125714285716,13267.971333333331,1247,TRAIN
2024-07-02,3313.34,4212.59,5783.28,13309.21,1,7,2,0,13283.49,13238.9,13152.49,13266.327142857142,13266.600666666667,1248,TRAIN
2024-07-03,3312.65,4216.03,5747.79,13276.47,2,7,3,0,13309.21,13285.27,13339.21,13276.371428571429,13269.987,1249,TRAIN
2024-07-04,3267.05,4250.31,5704.98,13222.34,3,7,4,0,13276.47,13281.89,13327.84,13275.114285714286,13272.918333333333,1250,TRAIN
2024-07-05,3306.95,4225.33,5755.09,13287.37,4,7,5,0,13222.34,13358.16,13243.99,13266.607142857143,13271.421666666665,1251,TRAIN
2024-07-06,3303.95,4215.41,5723.77,13243.13,5,7,6,1,13287.37,13232.8,13296.81,13256.494285714285,13275.533333333333,1252,TRAIN
2024-07-07,3341.14,4188.08,5734.98,13264.2,6,7,7,1,13243.13,13183.78,13258.64,13257.97,13276.686666666666,1253,TRAIN
2024-07-08,3307.19,4206.49,5712.26,13225.94,0,7,8,0,13264.2,13283.49,13324.08,13269.45857142857,13275.759666666667,1254,TRAIN
2024-07-09,3308.37,4213.93,5761.44,13283.74,1,7,9,0,13225.94,13309.21,13238.9,13261.237142857144,13273.621333333334,1255,TRAIN
2024-07-10,3316.16,4185.86,5766.77,13268.79,2,7,10,0,13283.74,13276.47,13285.27,13257.598571428573,13271.415666666666,1256,TRAIN
2024-07-11,3290.86,4201.23,5753.06,13245.15,3,7,11,0,13268.79,13222.34,13281.89,13256.501428571428,13271.589000000002,1257,TRAIN
2024-07-12,3297.65,4208.55,5747.65,13253.85,4,7,12,0,13245.15,13287.37,13358.16,13259.76,13269.557999999999,1258,TRAIN
2024-07-13,3300.44,4245.63,5751.07,13297.14,5,7,13,1,13253.85,13243.13,13232.8,13254.971428571429,13268.224333333335,1259,TRAIN
2024-07-14,3295.53,4207.64,5746.41,13249.58,6,7,14,1,13297.14,13264.2,13183.78,13262.687142857143,13269.852,1260,TRAIN
2024-07-15,3356.09,4200.33,5737.65,13294.07,0,7,15,0,13249.58,13225.94,13283.49,13260.598571428573,13269.988666666666,1261,TRAIN
2024-07-16,3320.44,4250.23,5703.07,13273.74,1,7,16,0,13294.07,13283.74,13309.21,13270.33142857143,13269.540333333334,1262,TRAIN
2024-07-17,3332.83,4245.77,5639.21,13217.81,2,7,17,0,13273.74,13268.79,13276.47,13268.902857142855,13270.139666666666,1263,TRAIN
2024-07-18,3332.42,4246.26,5696.1,13274.78,3,7,18,0,13217.81,13245.15,13222.34,13261.619999999999,13267.329333333333,1264,TRAIN
2024-07-19,3287.07,4259.73,5687.13,13233.93,4,7,19,0,13274.78,13253.85,13287.37,13265.852857142858,13271.405666666667,1265,TRAIN
2024-07-20,3327.4,4207.06,5799.16,13333.62,5,7,20,1,13233.93,13297.14,13243.13,13263.007142857143,13267.896333333334,1266,TRAIN
2024-07-21,3340.58,4212.48,5719.59,13272.65,6,7,21,1,13333.62,13249.58,13264.2,13268.218571428572,13268.089,1267,TRAIN
2024-07-22,3321.97,4217.7,5761.44,13301.11,0,7,22,0,13272.65,13294.07,13225.94,13271.514285714287,13269.044333333331,1268,TRAIN
2024-07-23,3330.51,4188.0,5691.91,13210.42,1,7,23,0,13301.11,13273.74,13283.74,13272.52,13269.187666666667,1269,TRAIN
2024-07-24,3296.39,4234.28,5750.18,13280.85,2,7,24,0,13210.42,13217.81,13268.79,13263.474285714286,13267.580333333333,1270,TRAIN
2024-07-25,3313.16,4214.1,5752.29,13279.55,3,7,25,0,13280.85,13274.78,13245.15,13272.480000000001,13266.139333333333,1271,TRAIN
2024-07-26,3304.9,4203.09,5676.9,13184.89,4,7,26,0,13279.55,13233.93,13253.85,13273.16142857143,13267.494333333334,1272,TRAIN
2024-07-27,3327.5,4212.15,5711.66,13251.31,5,7,27,1,13184.89,13333.62,13297.14,13266.155714285715,13264.148333333333,1273,TRAIN
2024-07-28,3305.88,4191.59,5750.69,13248.16,6,7,28,1,13251.31,13272.65,13249.58,13254.397142857142,13263.128999999999,1274,TRAIN
2024-07-29,3335.66,4204.96,5711.98,13252.6,0,7,29,0,13248.16,13301.11,13294.07,13250.89857142857,13259.462333333333,1275,TRAIN
2024-07-30,3333.37,4219.32,5645.84,13198.53,1,7,30,0,13252.6,13210.42,13273.74,13243.968571428572,13260.122333333333,1276,TRAIN
2024-07-31,3294.25,4224.57,5787.78,13306.6,2,7,31,0,13198.53,13280.85,13217.81,13242.27,13260.614000000001,1277,TRAIN
2024-08-01,3305.53,4183.74,5731.99,13221.26,3,8,1,0,13306.6,13279.55,13274.78,13245.948571428573,13261.384333333332,1278,TRAIN
2024-08-02,3278.79,4230.85,5757.87,13267.51,4,8,2,0,13221.26,13184.89,13233.93,13237.621428571429,13258.452666666668,1279,TRAIN
2024-08-03,3319.66,4216.91,5667.25,13203.82,5,8,3,1,13267.51,13251.31,13333.62,13249.424285714285,13258.154,1280,TRAIN
2024-08-04,3319.04,4211.54,5723.19,13253.77,6,8,4,1,13203.82,13248.16,13272.65,13242.640000000001,13257.536666666669,1281,TRAIN
2024-08-05,3305.99,4213.63,5699.03,13218.65,0,8,5,0,13253.77,13252.6,13301.11,13243.441428571428,13256.416666666666,1282,TRAIN
2024-08-06,3298.84,4217.09,5734.83,13250.76,1,8,6,0,13218.65,13198.53,13210.42,13238.591428571428,13255.600666666667,1283,TRAIN
2024-08-07,3308.71,4250.61,5739.09,13298.41,2,8,7,0,13250.76,13306.6,13280.85,13246.052857142857,13255.152666666667,1284,TRAIN
2024-08-08,3303.33,4192.36,5706.3,13201.99,3,8,8,0,13298.41,13221.26,13279.55,13244.882857142857,13257.568333333333,1285,TRAIN
2024-08-09,3306.47,4184.66,5694.98,13186.11,4,8,9,0,13201.99,13267.51,13184.89,13242.130000000001,13254.843333333332,1286,TRAIN
2024-08-10,3305.87,4243.92,5753.29,13303.08,5,8,10,1,13186.11,13203.82,13251.31,13230.50142857143,13252.087333333333,1287,TRAIN
2024-08-11,3312.27,4235.35,5754.26,13301.88,6,8,11,1,13303.08,13253.77,13248.16,13244.681428571426,13254.018333333333,1288,TRAIN
2024-08-12,3320.12,4253.3,5736.14,13309.56,0,8,12,0,13301.88,13218.65,13252.6,13251.554285714286,13255.619333333332,1289,TRAIN
2024-08-13,3333.8,4241.06,5723.99,13298.85,1,8,13,0,13309.56,13250.76,13198.53,13264.541428571427,13256.033333333333,1290,TRAIN
2024-08-14,3317.56,4221.9,5768.94,13308.4,2,8,14,0,13298.85,13298.41,13306.6,13271.41142857143,13257.675666666668,1291,TRAIN
2024-08-15,3306.54,4211.66,5720.15,13238.35,3,8,15,0,13308.4,13201.99,13221.26,13272.83857142857,13258.153333333332,1292,TRAIN
2024-08-16,3328.74,4183.16,5687.7,13199.6,4,8,16,0,13238.35,13186.11,13267.51,13278.032857142856,13256.973666666667,1293,TRAIN
2024-08-17,3287.75,4203.46,5729.07,13220.28,5,8,17,1,13199.6,13303.08,13203.82,13279.960000000001,13256.366666666667,1294,TRAIN
2024-08-18,3315.08,4249.35,5736.87,13301.3,6,8,18,1,13220.28,13301.88,13253.77,13268.13142857143,13254.55,1295,TRAIN
2024-08-19,3308.01,4193.36,5655.83,13157.2,0,8,19,0,13301.3,13309.56,13218.65,13268.048571428571,13256.795666666667,1296,TRAIN
2024-08-20,3306.24,4230.67,5713.79,13250.7,1,8,20,0,13157.2,13298.85,13250.76,13246.282857142858,13250.915,1297,TRAIN
2024-08-21,3303.52,4234.76,5728.38,13266.66,2,8,21,0,13250.7,13308.4,13298.41,13239.404285714287,13250.183333333332,1298,TRAIN
2024-08-22,3309.31,4248.42,5766.39,13324.12,3,8,22,0,13266.66,13238.35,13201.99,13233.44142857143,13249.035,1299,TRAIN
2024-08-23,3329.18,4213.34,5772.2,13314.72,4,8,23,0,13324.12,13199.6,13186.11,13245.694285714286,13252.825,1300,TRAIN
2024-08-24,3331.38,4222.61,5731.35,13285.34,5,8,24,1,13314.72,13220.28,13303.08,13262.140000000001,13253.954,1301,TRAIN
2024-08-25,3312.35,4255.53,5845.85,13413.73,6,8,25,1,13285.34,13301.3,13301.88,13271.434285714286,13254.146999999999,1302,TRAIN
2024-08-26,3299.66,4172.54,5814.45,13286.65,0,8,26,0,13413.73,13157.2,13309.56,13287.495714285715,13261.775,1303,TRAIN
2024-08-27,3351.39,4195.68,5674.14,13221.21,1,8,27,0,13286.65,13250.7,13298.85,13305.988571428572,13262.953000000001,1304,TRAIN
2024-08-28,3305.61,4243.89,5764.35,13313.85,2,8,28,0,13221.21,13266.66,13308.4,13301.775714285714,13262.054666666667,1305,TRAIN
2024-08-29,3326.59,4196.77,5669.71,13193.07,3,8,29,0,13313.85,13324.12,13238.35,13308.517142857143,13264.096333333333,1306,TRAIN
2024-08-30,3295.42,4225.29,5763.8,13284.51,4,8,30,0,13193.07,13314.72,13199.6,13289.795714285714,13263.914333333332,1307,TRAIN
2024-08-31,3326.47,4245.57,5711.26,13283.3,5,8,31,1,13284.51,13285.34,13220.28,13285.48,13263.178000000002,1308,TRAIN
2024-09-01,3288.7,4224.35,5759.11,13272.16,6,9,1,1,13283.3,13413.73,13301.3,13285.188571428573,13265.246000000001,1309,TRAIN
2024-09-02,3346.55,4194.18,5665.47,13206.2,0,9,2,0,13272.16,13286.65,13157.2,13264.964285714286,13265.401,1310,TRAIN
2024-09-03,3338.77,4226.57,5718.67,13284.01,1,9,3,0,13206.2,13221.21,13250.7,13253.471428571427,13265.480333333333,1311,TRAIN
2024-09-04,3323.79,4208.65,5732.4,13264.84,2,9,4,0,13284.01,13313.85,13266.66,13262.442857142858,13266.488333333335,1312,TRAIN
2024-09-05,3281.7,4210.06,5770.54,13262.3,3,9,5,0,13264.84,13193.07,13324.12,13255.441428571428,13268.028,1313,TRAIN
2024-09-06,3292.95,4218.28,5739.83,13251.06,4,9,6,0,13262.3,13284.51,13314.72,13265.33142857143,13268.412666666667,1314,TRAIN
2024-09-07,3294.25,4172.65,5774.34,13241.24,5,9,7,1,13251.06,13283.3,13285.34,13260.552857142857,13266.834333333334,1315,TRAIN
2024-09-08,3332.7,4180.34,5734.88,13247.92,6,9,8,1,13241.24,13272.16,13413.73,13254.544285714288,13268.142666666668,1316,TRAIN
2024-09-09,3320.35,4202.48,5752.5,13275.33,0,9,9,0,13247.92,13206.2,13286.65,13251.08142857143,13270.203,1317,TRAIN
2024-09-10,3325.09,4264.19,5665.38,13254.66,1,9,10,0,13275.33,13284.01,13221.21,13260.957142857142,13269.278,1318,TRAIN
2024-09-11,3311.5,4197.67,5815.03,13324.2,2,9,11,0,13254.66,13264.84,13313.85,13256.764285714284,13267.704,1319,TRAIN
2024-09-12,3291.59,4195.87,5737.87,13225.33,3,9,12,0,13324.2,13262.3,13193.07,13265.244285714287,13268.192000000001,1320,TRAIN
2024-09-13,3327.02,4230.12,5707.48,13264.62,4,9,13,0,13225.33,13251.06,13284.51,13259.962857142857,13265.741333333333,1321,TRAIN
2024-09-14,3286.5,4217.95,5776.38,13280.83,5,9,14,1,13264.62,13241.24,13283.3,13261.9,13264.282000000001,1322,TRAIN
2024-09-15,3300.6,4175.55,5774.68,13250.83,6,9,15,1,13280.83,13247.92,13272.16,13267.555714285714,13265.698,1323,TRAIN
2024-09-16,3329.13,4225.08,5695.88,13250.09,0,9,16,0,13250.83,13275.33,13206.2,13267.971428571429,13267.405666666666,1324,TRAIN
2024-09-17,3293.19,4244.64,5755.6,13293.43,1,9,17,0,13250.09,13254.66,13284.01,13264.365714285714,13268.399333333333,1325,TRAIN
2024-09-18,3300.54,4255.25,5753.12,13308.91,2,9,18,0,13293.43,13324.2,13264.84,13269.904285714287,13268.136999999999,1326,TRAIN
2024-09-19,3364.15,4251.56,5752.14,13367.85,3,9,19,0,13308.91,13225.33,13262.3,13267.72,13273.194,1327,TRAIN
2024-09-20,3322.22,4212.4,5746.63,13281.25,4,9,20,0,13367.85,13264.62,13251.06,13288.08,13277.099,1328,TRAIN
2024-09-21,3294.21,4230.09,5761.46,13285.76,5,9,21,1,13281.25,13280.83,13241.24,13290.455714285714,13277.585333333333,1329,TRAIN
2024-09-22,3340.75,4166.07,5756.21,13263.03,6,9,22,1,13285.76,13250.83,13247.92,13291.16,13276.306666666667,1330,TRAIN
2024-09-23,3297.61,4240.24,5773.85,13311.7,0,9,23,0,13263.03,13250.09,13275.33,13292.902857142855,13274.583666666667,1331,TRAIN
2024-09-24,3298.51,4224.73,5779.11,13302.35,1,9,24,0,13311.7,13293.43,13254.66,13301.704285714284,13275.462333333333,1332,TRAIN
2024-09-25,3304.08,4243.68,5739.24,13287.0,2,9,25,0,13302.35,13308.91,13324.2,13302.978571428572,13271.749666666668,1333,TRAIN
2024-09-26,3335.96,4254.82,5693.44,13284.22,3,9,26,0,13287.0,13367.85,13225.33,13299.848571428573,13271.761333333334,1334,TRAIN
2024-09-27,3320.0,4206.15,5754.59,13280.74,4,9,27,0,13284.22,13281.25,13264.62,13287.901428571427,13273.861666666666,1335,TRAIN
2024-09-28,3296.52,4232.36,5709.99,13238.87,5,9,28,1,13280.74,13285.76,13280.83,13287.828571428572,13272.758,1336,TRAIN
2024-09-29,3290.45,4284.15,5734.37,13308.97,6,9,29,1,13238.87,13263.03,13250.83,13281.130000000001,13274.284666666666,1337,TRAIN
2024-09-30,3360.83,4215.34,5710.48,13286.65,0,9,30,0,13308.97,13311.7,13250.09,13287.692857142858,13275.1,1338,TRAIN
2024-10-01,3330.26,4225.8,5763.88,13319.94,1,10,1,0,13286.65,13302.35,13293.43,13284.114285714284,13275.211666666666,1339,TRAIN
2024-10-02,3332.71,4236.4,5737.86,13306.97,2,10,2,0,13319.94,13287.0,13308.91,13286.627142857144,13276.804333333333,1340,TRAIN
2024-10-03,3289.59,4206.54,5680.36,13176.49,3,10,3,0,13306.97,13284.22,13367.85,13289.48,13280.163333333334,1341,TRAIN
2024-10-04,3325.72,4222.87,5731.36,13279.95,4,10,4,0,13176.49,13280.74,13281.25,13274.09,13276.579333333333,1342,TRAIN
2024-10-05,3273.53,4205.73,5775.27,13254.53,5,10,5,1,13279.95,13238.87,13285.76,13273.977142857142,13277.083,1343,TRAIN
2024-10-06,3302.89,4159.98,5723.33,13186.2,6,10,6,1,13254.53,13308.97,13263.03,13276.214285714286,13276.823999999999,1344,TRAIN
2024-10-07,3299.66,4245.25,5712.28,13257.19,0,10,7,0,13186.2,13286.65,13311.7,13258.675714285713,13274.662,1345,TRAIN
2024-10-08,3330.45,4192.8,5762.69,13285.94,1,10,8,0,13257.19,13319.94,13302.35,13254.467142857144,13275.193666666666,1346,TRAIN
2024-10-09,3316.69,4202.69,5775.42,13294.8,2,10,9,0,13285.94,13306.97,13287.0,13249.61,13276.461000000001,1347,TRAIN
2024-10-10,3314.4,4231.27,5686.56,13232.23,3,10,10,0,13294.8,13176.49,13284.22,13247.871428571429,13277.109999999999,1348,TRAIN
2024-10-11,3310.6,4209.41,5697.07,13217.08,4,10,11,0,13232.23,13279.95,13280.74,13255.834285714285,13276.362333333333,1349,TRAIN
2024-10-12,3300.39,4190.56,5654.62,13145.57,5,10,12,1,13217.08,13254.53,13238.87,13246.852857142858,13272.791666666666,1350,TRAIN
2024-10-13,3322.61,4224.05,5707.0,13253.66,6,10,13,1,13145.57,13186.2,13308.97,13231.287142857142,13270.133,1351,TRAIN
2024-10-14,3319.6,4199.46,5775.19,13294.25,0,10,14,0,13253.66,13257.19,13286.65,13240.924285714285,13269.767666666668,1352,TRAIN
2024-10-15,3323.04,4244.09,5640.71,13207.84,1,10,15,0,13294.25,13285.94,13319.94,13246.218571428572,13270.215,1353,TRAIN
2024-10-16,3288.56,4236.04,5683.97,13208.57,2,10,16,0,13207.84,13294.8,13306.97,13235.061428571427,13268.782000000001,1354,TRAIN
2024-10-17,3298.8,4210.66,5724.17,13233.63,3,10,17,0,13208.57,13232.23,13176.49,13222.742857142857,13267.398,1355,TRAIN
2024-10-18,3296.17,4233.02,5779.67,13308.86,4,10,18,0,13233.63,13217.08,13279.95,13222.942857142858,13265.404666666667,1356,TRAIN
2024-10-19,3357.24,4248.89,5707.34,13313.47,5,10,19,1,13308.86,13145.57,13254.53,13236.054285714286,13265.402999999998,1357,TRAIN
2024-10-20,3279.23,4228.07,5735.8,13243.1,6,10,20,1,13313.47,13253.66,13186.2,13260.039999999999,13263.590333333334,1358,TRAIN
2024-10-21,3305.97,4203.24,5686.46,13195.67,0,10,21,0,13243.1,13294.25,13257.19,13258.531428571428,13262.318666666666,1359,TRAIN
2024-10-22,3326.5,4234.14,5665.92,13226.56,1,10,22,0,13195.67,13207.84,13285.94,13244.448571428571,13259.315666666665,1360,TRAIN
2024-10-23,3302.79,4251.92,5757.65,13312.36,2,10,23,0,13226.56,13208.57,13294.8,13247.122857142856,13258.1,1361,TRAIN
2024-10-24,3320.74,4188.72,5752.05,13261.51,3,10,24,0,13312.36,13233.63,13232.23,13261.949999999999,13258.122000000001,1362,TRAIN
2024-10-25,3327.85,4209.86,5697.19,13234.9,4,10,25,0,13261.51,13308.86,13217.08,13265.932857142858,13256.760666666665,1363,TRAIN
2024-10-26,3316.36,4211.88,5724.48,13252.72,5,10,26,1,13234.9,13313.47,13145.57,13255.367142857143,13255.024,1364,TRAIN
2024-10-27,3313.93,4212.98,5716.48,13243.39,6,10,27,1,13252.72,13243.1,13253.66,13246.688571428573,13253.973999999998,1365,TRAIN
2024-10-28,3292.97,4249.63,5753.06,13295.66,0,10,28,0,13243.39,13195.67,13294.25,13246.73,13252.729,1366,TRAIN
2024-10-29,3310.95,4233.23,5730.74,13274.92,1,10,29,0,13295.66,13226.56,13207.84,13261.014285714287,13254.622000000001,1367,TRAIN
2024-10-30,3301.41,4200.91,5754.78,13257.1,2,10,30,0,13274.92,13312.36,13208.57,13267.922857142858,13253.487,1368,TRAIN
2024-10-31,3334.78,4223.53,5708.25,13266.56,3,10,31,0,13257.1,13261.51,13233.63,13260.028571428571,13252.502,1369,TRAIN
2024-11-01,3318.74,4191.05,5747.79,13257.58,4,11,1,0,13266.56,13234.9,13308.86,13260.75,13250.722666666667,1370,TRAIN
2024-11-02,3304.44,4212.88,5682.37,13199.69,5,11,2,1,13257.58,13252.72,13313.47,13263.99,13249.076333333333,1371,TRAIN
2024-11-03,3353.09,4225.91,5756.08,13335.08,6,11,3,1,13199.69,13243.39,13243.1,13256.414285714285,13249.849666666667,1372,TRAIN
2024-11-04,3316.67,4220.3,5706.12,13243.09,0,11,4,0,13335.08,13295.66,13195.67,13269.512857142856,13251.687333333333,1373,TRAIN
2024-11-05,3299.14,4203.81,5729.5,13232.45,1,11,5,0,13243.09,13274.92,13226.56,13262.002857142856,13251.306,1374,TRAIN
2024-11-06,3322.38,4196.6,5732.87,13251.85,2,11,6,0,13232.45,13257.1,13312.36,13255.935714285715,13252.847666666667,1375,TRAIN
2024-11-07,3305.85,4195.63,5690.24,13191.72,3,11,7,0,13251.85,13266.56,13261.51,13255.185714285715,13252.669666666667,1376,TRAIN
2024-11-08,3310.35,4221.35,5790.97,13322.67,4,11,8,0,13191.72,13257.58,13234.9,13244.494285714285,13249.529,1377,TRAIN
2024-11-09,3309.39,4255.72,5779.93,13345.04,5,11,9,1,13322.67,13199.69,13252.72,13253.792857142858,13250.458,1378,TRAIN
2024-11-10,3329.76,4233.4,5728.94,13292.1,6,11,10,1,13345.04,13335.08,13243.39,13274.557142857144,13254.218333333334,1379,TRAIN
2024-11-11,3321.42,4204.23,5772.1,13297.75,0,11,11,0,13292.1,13243.09,13295.66,13268.417142857143,13256.719000000001,1380,TRAIN
2024-11-12,3338.95,4197.36,5734.38,13270.69,1,11,12,0,13297.75,13232.45,13274.92,13276.225714285714,13261.791666666666,1381,TRAIN
2024-11-13,3323.81,4258.86,5691.27,13273.94,2,11,13,0,13270.69,13251.85,13257.1,13281.68857142857,13262.359333333332,1382,TRAIN
2024-11-14,3269.24,4222.63,5744.94,13236.81,3,11,14,0,13273.94,13191.72,13266.56,13284.844285714285,13261.682333333332,1383,TRAIN
2024-11-15,3316.82,4180.8,5678.05,13175.67,4,11,15,0,13236.81,13322.67,13257.58,13291.285714285714,13262.648,1384,TRAIN
2024-11-16,3302.43,4226.26,5713.0,13241.69,5,11,16,1,13175.67,13345.04,13199.69,13270.285714285714,13261.551333333333,1385,TRAIN
2024-11-17,3298.6,4190.31,5702.73,13191.64,6,11,17,1,13241.69,13292.1,13335.08,13255.521428571428,13261.82,1386,TRAIN
2024-11-18,3304.75,4230.88,5762.59,13298.22,0,11,18,0,13191.64,13297.75,13243.09,13241.17,13257.912666666667,1387,TRAIN
2024-11-19,3296.13,4196.75,5765.87,13258.75,1,11,19,0,13298.22,13270.69,13232.45,13241.237142857144,13257.404333333334,1388,TRAIN
2024-11-20,3305.68,4200.58,5756.6,13262.86,2,11,20,0,13258.75,13273.94,13251.85,13239.531428571428,13257.926000000001,1389,TRAIN
2024-11-21,3317.21,4233.73,5749.2,13300.14,3,11,21,0,13262.86,13236.81,13191.72,13237.948571428571,13260.165666666668,1390,TRAIN
2024-11-22,3331.56,4265.3,5845.29,13442.15,4,11,22,0,13300.14,13175.67,13322.67,13246.995714285715,13262.618333333336,1391,TRAIN
2024-11-23,3295.76,4230.49,5792.88,13319.13,5,11,23,1,13442.15,13241.69,13345.04,13285.064285714287,13266.944666666666,1392,TRAIN
2024-11-24,3324.71,4235.88,5699.03,13259.62,6,11,24,1,13319.13,13191.64,13292.1,13296.127142857144,13268.865333333333,1393,TRAIN
2024-11-25,3310.92,4224.53,5757.57,13293.02,0,11,25,0,13259.62,13298.22,13297.75,13305.83857142857,13269.689333333334,1394,TRAIN
2024-11-26,3313.22,4235.5,5700.4,13249.12,1,11,26,0,13293.02,13258.75,13270.69,13305.095714285713,13271.032666666668,1395,TRAIN
2024-11-27,3321.01,4225.91,5763.75,13310.67,2,11,27,0,13249.12,13262.86,13273.94,13303.720000000001,13271.223666666667,1396,TRAIN
2024-11-28,3323.06,4212.99,5758.76,13294.81,3,11,28,0,13310.67,13300.14,13236.81,13310.550000000001,13271.723999999998,1397,TRAIN
2024-11-29,3291.25,4232.41,5782.39,13306.05,4,11,29,0,13294.81,13442.15,13175.67,13309.788571428571,13272.386999999999,1398,TRAIN
2024-11-30,3273.94,4215.46,5714.71,13204.11,5,11,30,1,13306.05,13319.13,13241.69,13290.345714285713,13274.018666666667,1399,TRAIN
2024-12-01,3305.15,4229.93,5800.06,13335.14,6,12,1,1,13204.11,13259.62,13191.64,13273.914285714287,13271.937000000002,1400,TRAIN
2024-12-02,3340.84,4197.97,5734.81,13273.62,0,12,2,0,13335.14,13293.02,13298.22,13284.702857142856,13274.522333333332,1401,TRAIN
2024-12-03,3293.19,4222.34,5730.14,13245.67,1,12,3,0,13273.62,13249.12,13258.75,13281.93142857143,13276.986666666666,1402,TRAIN
2024-12-04,3285.81,4269.82,5755.93,13311.56,2,12,4,0,13245.67,13310.67,13262.86,13281.43857142857,13274.006333333333,1403,TRAIN
2024-12-05,3312.02,4194.6,5762.09,13268.71,3,12,5,0,13311.56,13294.81,13300.14,13281.565714285713,13276.288666666667,1404,TRAIN
2024-12-06,3273.94,4226.12,5666.69,13166.75,4,12,6,0,13268.71,13306.05,13442.15,13277.837142857143,13277.497333333333,1405,TRAIN
2024-12-07,3314.79,4183.36,5769.66,13267.81,5,12,7,1,13166.75,13204.11,13319.13,13257.937142857143,13274.660666666665,1406,TRAIN
2024-12-08,3308.36,4222.26,5689.54,13220.16,6,12,8,1,13267.81,13335.14,13259.62,13267.037142857142,13277.196999999998,1407,TRAIN
2024-12-09,3304.08,4258.44,5691.14,13253.66,0,12,9,0,13220.16,13273.62,13293.02,13250.611428571428,13273.78,1408,TRAIN
2024-12-10,3320.5,4216.83,5695.08,13232.41,1,12,10,0,13253.66,13245.67,13249.12,13247.759999999998,13270.733999999999,1409,TRAIN
2024-12-11,3274.01,4210.25,5785.07,13269.33,2,12,11,0,13232.41,13311.56,13310.67,13245.865714285714,13268.744333333334,1410,TRAIN
2024-12-12,3347.91,4234.34,5738.99,13321.24,3,12,12,0,13269.33,13268.71,13294.81,13239.832857142857,13267.797,1411,TRAIN
2024-12-13,3326.3,4236.5,5673.65,13236.45,4,12,13,0,13321.24,13166.75,13306.05,13247.337142857143,13269.482,1412,TRAIN
2024-12-14,3306.43,4195.96,5685.22,13187.61,5,12,14,1,13236.45,13267.81,13204.11,13257.294285714286,13268.232333333332,1413,TRAIN
2024-12-15,3325.14,4221.56,5785.78,13332.48,6,12,15,1,13187.61,13220.16,13335.14,13245.837142857143,13266.592333333334,1414,TRAIN
2024-12-16,3288.48,4238.79,5701.34,13228.61,0,12,16,0,13332.48,13253.66,13273.62,13261.882857142857,13271.819333333335,1415,TRAIN
2024-12-17,3335.52,4217.29,5725.93,13278.74,1,12,17,0,13228.61,13232.41,13245.67,13258.304285714286,13271.383333333333,1416,TRAIN
2024-12-18,3319.48,4230.66,5751.42,13301.56,2,12,18,0,13278.74,13269.33,13311.56,13264.922857142858,13274.286666666665,1417,TRAIN
2024-12-19,3298.01,4227.59,5693.6,13219.2,3,12,19,0,13301.56,13321.24,13268.71,13269.527142857143,13274.397999999997,1418,TRAIN
2024-12-20,3330.06,4193.26,5707.33,13230.65,4,12,20,0,13219.2,13236.45,13166.75,13254.949999999999,13273.079666666665,1419,TRAIN
2024-12-21,3319.43,4226.73,5686.43,13232.59,5,12,21,1,13230.65,13187.61,13267.81,13254.121428571429,13272.006,1420,TRAIN
2024-12-22,3320.29,4218.63,5747.24,13286.16,6,12,22,1,13232.59,13332.48,13220.16,13260.547142857144,13269.754333333332,1421,TRAIN
2024-12-23,3335.39,4205.6,5760.15,13301.14,0,12,23,0,13286.16,13228.61,13253.66,13253.930000000002,13264.554666666667,1422,TRAIN
2024-12-24,3288.51,4261.31,5706.89,13256.71,1,12,24,0,13301.14,13278.74,13232.41,13264.29142857143,13263.955,1423,TRAIN
2024-12-25,3328.76,4184.55,5716.49,13229.8,2,12,25,0,13256.71,13301.56,13269.33,13261.144285714285,13263.858,1424,TRAIN
2024-12-26,3310.54,4206.25,5769.58,13286.37,3,12,26,0,13229.8,13219.2,13321.24,13250.892857142857,13261.750666666665,1425,TRAIN
2024-12-27,3332.17,4222.54,5766.38,13321.09,4,12,27,0,13286.37,13230.65,13236.45,13260.488571428572,13262.992333333334,1426,TRAIN
2024-12-28,3292.42,4232.21,5809.24,13333.87,5,12,28,1,13321.09,13232.59,13187.61,13273.40857142857,13263.339666666667,1427,TRAIN
2024-12-29,3287.21,4196.86,5775.0,13259.07,6,12,29,1,13333.87,13286.16,13332.48,13287.877142857144,13264.641666666666,1428,TRAIN
2024-12-30,3322.31,4255.29,5680.58,13258.18,0,12,30,0,13259.07,13301.14,13228.61,13284.007142857143,13263.075666666668,1429,TRAIN
2024-12-31,3326.05,4238.44,5752.17,13316.66,1,12,31,0,13258.18,13256.71,13278.74,13277.87,13264.877999999999,1430,TRAIN
2025-01-01,3472.59,4408.42,5984.54,13865.55,2,1,1,0,13316.66,13229.8,13301.56,13286.434285714287,13264.262,1431,TRAIN
2025-01-02,3489.31,4409.23,6070.01,13968.55,3,1,2,0,13865.55,13286.37,13219.2,13377.255714285713,13283.992999999999,1432,TRAIN
2025-01-03,3469.14,4436.93,6080.81,13986.88,4,1,3,0,13968.55,13321.09,13230.65,13474.710000000001,13308.089,1433,TRAIN
2025-01-04,3483.51,4426.8,5977.76,13888.07,5,1,4,1,13986.88,13333.87,13232.59,13569.822857142859,13330.599666666667,1434,TRAIN
2025-01-05,3506.21,4415.43,6023.44,13945.08,6,1,5,1,13888.07,13259.07,13286.16,13648.994285714285,13351.245,1435,TRAIN
2025-01-06,3475.63,4415.34,6067.34,13958.31,0,1,6,0,13945.08,13258.18,13301.14,13746.995714285715,13377.189333333336,1436,TRAIN
2025-01-07,3453.16,4435.9,6015.66,13904.72,1,1,7,0,13958.31,13316.66,13256.71,13847.014285714284,13400.206000000002,1437,TRAIN
2025-01-08,3482.44,4435.82,6030.9,13949.16,2,1,8,0,13904.72,13865.55,13229.8,13931.022857142858,13423.024666666666,1438,TRAIN
2025-01-09,3468.26,4462.75,5956.43,13887.44,3,1,9,0,13949.16,13968.55,13286.37,13942.967142857144,13446.208,1439,TRAIN
2025-01-10,3509.82,4450.23,5967.17,13927.22,4,1,10,0,13887.44,13986.88,13321.09,13931.380000000001,13468.042333333333,1440,TRAIN
2025-01-11,3506.2,4427.18,5962.36,13895.74,5,1,11,1,13927.22,13888.07,13333.87,13922.857142857143,13489.972,1441,TRAIN
2025-01-12,3487.31,4456.73,6022.23,13966.27,6,1,12,1,13895.74,13945.08,13259.07,13923.952857142856,13509.122,1442,TRAIN
2025-01-13,3513.84,4473.2,5969.1,13956.14,0,1,13,0,13966.27,13958.31,13258.18,13926.98,13533.449333333334,1443,TRAIN
2025-01-14,3502.86,4426.45,5997.66,13926.97,1,1,14,0,13956.14,13904.72,13316.66,13926.67,13559.067,1444,TRAIN
2025-01-15,3493.65,4389.98,6010.2,13893.83,2,1,15,0,13926.97,13949.16,13865.55,13929.848571428573,13578.883333333333,1445,TRAIN
2025-01-16,3439.39,4396.89,5975.38,13811.66,3,1,16,0,13893.83,13887.44,13968.55,13921.944285714286,13601.057333333334,1446,TRAIN
2025-01-17,3475.85,4433.89,5986.55,13896.29,4,1,17,0,13811.66,13927.22,13986.88,13911.11857142857,13618.821333333333,1447,TRAIN
2025-01-18,3497.25,4448.58,5989.68,13935.51,5,1,18,1,13896.29,13895.74,13888.07,13906.699999999999,13638.645666666667,1448,TRAIN
2025-01-19,3493.1,4457.8,5985.84,13936.74,6,1,19,1,13935.51,13966.27,13945.08,13912.381428571429,13662.522666666666,1449,TRAIN
2025-01-20,3464.39,4397.47,6047.92,13909.78,0,1,20,0,13936.74,13956.14,13958.31,13908.162857142857,13686.059,1450,TRAIN
2025-01-21,3471.0,4446.51,6031.6,13949.11,1,1,21,0,13909.78,13926.97,13904.72,13901.539999999999,13708.632000000001,1451,TRAIN
2025-01-22,3464.36,4437.53,5956.03,13857.92,2,1,22,0,13949.11,13893.83,13949.16,13904.702857142856,13730.730333333333,1452,TRAIN
2025-01-23,3517.18,4402.6,5985.16,13904.94,3,1,23,0,13857.92,13811.66,13887.44,13899.572857142857,13749.289666666667,1453,TRAIN
2025-01-24,3467.48,4446.54,6049.02,13963.04,4,1,24,0,13904.94,13896.29,13927.22,13912.898571428572,13770.897333333334,1454,TRAIN
2025-01-25,3456.21,4488.97,5962.79,13907.97,5,1,25,1,13963.04,13935.51,13895.74,13922.434285714287,13795.338666666668,1455,TRAIN
2025-01-26,3502.04,4436.44,5951.34,13889.82,6,1,26,1,13907.97,13936.74,13966.27,13918.5,13816.058666666666,1456,TRAIN
2025-01-27,3462.86,4461.24,6083.46,14007.56,0,1,27,0,13889.82,13909.78,13956.14,13911.797142857144,13835.016333333333,1457,TRAIN
2025-01-28,3480.09,4417.58,6044.42,13942.09,1,1,28,0,14007.56,13949.11,13926.97,13925.765714285715,13857.472666666667,1458,TRAIN
2025-01-29,3462.33,4449.06,6013.36,13924.75,2,1,29,0,13942.09,13857.92,13893.83,13924.762857142856,13880.24,1459,TRAIN
2025-01-30,3485.31,4404.07,6000.55,13889.93,3,1,30,0,13924.75,13904.94,13811.66,13934.31,13902.459,1460,TRAIN
2025-01-31,3492.4,4448.99,6002.17,13943.56,4,1,31,0,13889.93,13963.04,13896.29,13932.165714285715,13921.568,1461,TRAIN
2025-02-01,3508.28,4456.93,5994.3,13959.51,5,2,1,1,13943.56,13907.97,13935.51,13929.382857142857,13924.168333333333,1462,TRAIN
2025-02-02,3442.28,4452.18,5969.21,13863.67,6,2,2,1,13959.51,13889.82,13936.74,13936.745714285715,13923.867,1463,TRAIN
2025-02-03,3467.11,4459.94,6076.54,14003.59,0,2,3,0,13863.67,14007.56,13909.78,13933.009999999998,13919.76,1464,TRAIN
2025-02-04,3502.87,4461.11,6048.15,14012.13,1,2,4,0,14003.59,13942.09,13949.11,13932.442857142858,13923.610666666667,1465,TRAIN
2025-02-05,3480.59,4423.41,6002.79,13906.79,2,2,5,0,14012.13,13924.75,13857.92,13942.448571428571,13925.845666666666,1466,TRAIN
2025-02-06,3483.8,4423.94,6064.75,13972.49,3,2,6,0,13906.79,13889.93,13904.94,13939.882857142858,13924.128333333332,1467,TRAIN
2025-02-07,3473.47,4379.53,6007.58,13860.58,4,2,7,0,13972.49,13943.56,13963.04,13951.677142857141,13926.387333333334,1468,TRAIN
2025-02-08,3469.33,4458.84,5972.81,13900.98,5,2,8,1,13860.58,13959.51,13907.97,13939.822857142857,13923.434666666668,1469,TRAIN
2025-02-09,3441.83,4418.29,6024.13,13884.25,6,2,9,1,13900.98,13863.67,13889.82,13931.46142857143,13923.886,1470,TRAIN
2025-02-10,3483.15,4402.58,6069.0,13954.73,0,2,10,0,13884.25,14003.59,14007.56,13934.401428571427,13922.453666666666,1471,TRAIN
2025-02-11,3460.69,4452.2,6022.84,13935.73,1,2,11,0,13954.73,14012.13,13942.09,13927.421428571428,13924.42,1472,TRAIN
2025-02-12,3458.57,4459.94,6042.27,13960.78,2,2,12,0,13935.73,13906.79,13924.75,13916.507142857143,13923.402,1473,TRAIN
2025-02-13,3482.5,4426.78,6035.87,13945.15,3,2,13,0,13960.78,13972.49,13889.93,13924.22,13923.556666666667,1474,TRAIN
2025-02-14,3479.68,4436.24,6028.39,13944.31,4,2,14,0,13945.15,13860.58,13943.56,13920.314285714287,13924.162666666667,1475,TRAIN
2025-02-15,3500.07,4419.24,6054.65,13973.96,5,2,15,1,13944.31,13900.98,13959.51,13932.275714285715,13925.845333333333,1476,TRAIN
2025-02-16,3474.68,4414.64,6035.69,13925.01,6,2,16,1,13973.96,13884.25,13863.67,13942.701428571429,13931.255333333334,1477,TRAIN
2025-02-17,3459.65,4427.57,5999.83,13887.05,0,2,17,0,13925.01,13954.73,14003.59,13948.524285714288,13932.212666666666,1478,TRAIN
2025-02-18,3471.47,4442.15,6033.86,13947.48,1,2,18,0,13887.05,13935.73,14012.13,13938.855714285713,13930.597333333335,1479,TRAIN
2025-02-19,3524.3,4458.35,6075.26,14057.91,2,2,19,0,13947.48,13960.78,13906.79,13940.534285714284,13930.955333333335,1480,TRAIN
2025-02-20,3507.17,4393.42,6054.76,13955.35,3,2,20,0,14057.91,13945.15,13972.49,13954.41,13935.893,1481,TRAIN
2025-02-21,3467.5,4479.99,6087.1,14034.59,4,2,21,0,13955.35,13944.31,13860.58,13955.867142857143,13936.101,1482,TRAIN
2025-02-22,3472.98,4463.96,6055.47,13992.41,5,2,22,1,14034.59,13973.96,13900.98,13968.764285714284,13941.989999999998,1483,TRAIN
2025-02-23,3458.05,4462.04,5985.5,13905.59,6,2,23,1,13992.41,13925.01,13884.25,13971.4,13944.905666666667,1484,TRAIN
2025-02-24,3492.95,4411.51,6015.56,13920.02,0,2,24,0,13905.59,13887.05,13954.73,13968.625714285716,13942.990666666667,1485,TRAIN
2025-02-25,3498.97,4454.37,6045.14,13998.48,1,2,25,0,13920.02,13947.48,13935.73,13973.335714285715,13943.392333333333,1486,TRAIN
2025-02-26,3505.44,4468.53,6010.87,13984.84,2,2,26,0,13998.48,14057.91,13960.78,13980.621428571427,13947.014333333333,1487,TRAIN
2025-02-27,3482.25,4399.49,6058.79,13940.53,3,2,27,0,13984.84,13955.35,13945.15,13970.182857142858,13946.257000000001,1488,TRAIN
2025-02-28,3507.01,4436.83,6054.21,13998.05,4,2,28,0,13940.53,14034.59,13944.31,13968.065714285713,13946.204999999998,1489,TRAIN
2025-03-01,3472.41,5100.35,6031.57,14604.33,5,3,1,1,13998.05,13992.41,13973.96,13962.845714285713,13948.648333333334,1490,TRAIN
2025-03-02,3451.06,5112.17,6029.27,14592.5,6,3,2,1,14604.33,13905.59,13925.01,14050.262857142856,13972.461666666666,1491,TRAIN
2025-03-03,3469.48,5070.9,6036.9,14577.28,0,3,3,0,14592.5,13920.02,13887.05,14148.392857142857,13994.092999999999,1492,TRAIN
2025-03-04,3488.43,5121.2,6058.58,14668.21,1,3,4,0,14577.28,13998.48,13947.48,14242.287142857142,14014.685333333333,1493,TRAIN
2025-03-05,3495.97,5109.73,6040.15,14645.85,2,3,5,0,14668.21,13984.84,14057.91,14337.962857142858,14041.503333333332,1494,TRAIN
2025-03-06,3469.53,5098.73,5996.29,14564.55,3,3,6,0,14645.85,13940.53,13955.35,14432.392857142857,14062.912,1495,TRAIN
2025-03-07,3491.83,5112.95,5992.0,14596.78,4,3,7,0,14564.55,13998.05,14034.59,14521.538571428571,14081.326,1496,TRAIN
2025-03-08,3476.43,5129.81,6073.09,14679.33,5,3,8,1,14596.78,14604.33,13992.41,14607.07142857143,14104.325666666668,1497,TRAIN
2025-03-09,3489.93,5092.97,5957.2,14540.1,6,3,9,1,14679.33,14592.5,13905.59,14617.785714285714,14127.886999999999,1498,TRAIN
2025-03-10,3485.42,5076.74,6061.82,14623.98,0,3,10,0,14540.1,14577.28,13920.02,14610.300000000001,14150.537666666667,1499,TRAIN
2025-03-11,3455.63,5116.39,6015.69,14587.71,1,3,11,0,14623.98,14668.21,13998.48,14616.971428571429,14174.637666666667,1500,TRAIN
2025-03-12,3479.16,5093.37,6056.71,14629.24,2,3,12,0,14587.71,14645.85,13984.84,14605.471428571427,14198.086333333335,1501,TRAIN
2025-03-13,3500.19,5157.13,6086.88,14744.2,3,3,13,0,14629.24,14564.55,13940.53,14603.098571428573,14220.570000000002,1502,TRAIN
2025-03-14,3477.74,5096.99,5981.42,14556.15,4,3,14,0,14744.2,14596.78,13998.05,14628.762857142856,14247.519,1503,TRAIN
2025-03-15,3512.1,5111.56,6032.93,14656.59,5,3,15,1,14556.15,14679.33,14604.33,14622.958571428573,14267.364666666666,1504,TRAIN
2025-03-16,3488.08,5116.61,6005.14,14609.83,6,3,16,1,14656.59,14540.1,14592.5,14619.710000000001,14291.079333333333,1505,TRAIN
2025-03-17,3469.38,5080.22,6048.53,14598.13,0,3,17,0,14609.83,14623.98,14577.28,14629.671428571428,14313.263333333332,1506,TRAIN
2025-03-18,3492.07,5116.33,6086.53,14694.93,1,3,18,0,14598.13,14587.71,14668.21,14625.978571428572,14334.068999999998,1507,TRAIN
2025-03-19,3464.06,5059.34,6043.66,14567.06,2,3,19,0,14694.93,14629.24,14645.85,14641.295714285716,14359.733,1508,TRAIN
2025-03-20,3475.94,5099.35,6139.74,14715.03,3,3,20,0,14567.06,14744.2,14564.55,14632.412857142857,14382.4,1509,TRAIN
2025-03-21,3466.17,5074.39,5970.13,14510.69,4,3,21,0,14715.03,14556.15,14596.78,14628.245714285715,14407.984999999999,1510,TRAIN
2025-03-22,3506.25,5116.49,6010.2,14632.94,5,3,22,1,14510.69,14656.59,14679.33,14621.751428571428,14423.077666666668,1511,TRAIN
2025-03-23,3485.46,5096.65,5994.77,14576.88,6,3,23,1,14632.94,14609.83,14540.1,14618.372857142856,14445.663999999999,1512,TRAIN
2025-03-24,3496.02,5114.4,6052.01,14662.43,0,3,24,0,14576.88,14598.13,14623.98,14613.665714285715,14463.740333333333,1513,TRAIN
2025-03-25,3507.01,5117.21,5983.25,14607.47,1,3,25,0,14662.43,14694.93,14587.71,14622.851428571428,14486.074333333332,1514,TRAIN
2025-03-26,3506.93,5122.68,6065.77,14695.38,2,3,26,0,14607.47,14567.06,14629.24,14610.357142857143,14509.470333333333,1515,TRAIN
2025-03-27,3469.68,5128.76,6040.23,14638.67,3,3,27,0,14695.38,14715.03,14744.2,14628.688571428573,14535.315666666665,1516,TRAIN
2025-03-28,3484.69,5096.92,6026.42,14608.03,4,3,28,0,14638.67,14510.69,14556.15,14617.78,14556.655333333334,1517,TRAIN
2025-03-29,3515.06,5077.57,5970.56,14563.19,5,3,29,1,14608.03,14632.94,14656.59,14631.685714285715,14577.428333333333,1518,TRAIN
2025-03-30,3460.55,5082.94,5998.78,14542.27,6,3,30,1,14563.19,14576.88,14609.83,14621.721428571429,14598.183666666668,1519,TRAIN
2025-03-31,3486.38,5095.44,6057.76,14639.58,0,3,31,0,14542.27,14662.43,14598.13,14616.777142857143,14616.324333333332,1520,TRAIN
2025-04-01,3467.95,5086.63,6004.77,14559.35,1,4,1,0,14639.58,14607.47,14694.93,14613.512857142856,14617.499333333335,1521,TRAIN
2025-04-02,3498.79,5092.46,6020.66,14611.91,2,4,2,0,14559.35,14695.38,14567.06,14606.638571428572,14616.394333333334,1522,TRAIN
2025-04-03,3445.1,5088.52,6067.17,14600.79,3,4,3,0,14611.91,14638.67,14715.03,14594.714285714286,14617.548666666666,1523,TRAIN
2025-04-04,3469.12,5127.44,6038.99,14635.55,4,4,4,0,14600.79,14608.03,14510.69,14589.302857142857,14615.301333333335,1524,TRAIN
2025-04-05,3476.57,5114.28,5983.75,14574.6,5,4,5,1,14635.55,14563.19,14632.94,14593.234285714285,14614.958,1525,TRAIN
2025-04-06,3452.03,5075.19,6050.21,14577.43,6,4,6,1,14574.6,14542.27,14576.88,14594.864285714286,14615.293,1526,TRAIN
2025-04-07,3448.66,5091.51,6013.47,14553.64,0,4,7,0,14577.43,14639.58,14662.43,14599.887142857142,14614.648,1527,TRAIN
2025-04-08,3494.92,5115.02,6076.39,14686.33,1,4,8,0,14553.64,14559.35,14607.47,14587.61,14610.458333333334,1528,TRAIN
2025-04-09,3450.3,5094.3,6043.29,14587.89,2,4,9,0,14686.33,14611.91,14695.38,14605.75,14615.332666666665,1529,TRAIN
2025-04-10,3500.93,5078.07,5994.73,14573.73,3,4,10,0,14587.89,14600.79,14638.67,14602.31857142857,14614.129666666668,1530,TRAIN
2025-04-11,3480.38,5124.27,5970.38,14575.03,4,4,11,0,14573.73,14635.55,14608.03,14598.452857142856,14613.663666666665,1531,TRAIN
2025-04-12,3458.15,5059.38,6056.92,14574.45,5,4,12,1,14575.03,14574.6,14563.19,14589.807142857142,14611.856666666667,1532,TRAIN
2025-04-13,3491.24,5047.69,6044.67,14583.6,6,4,13,1,14574.45,14577.43,14542.27,14589.785714285714,14606.198333333332,1533,TRAIN
2025-04-14,3472.86,5081.79,5975.65,14530.3,0,4,14,0,14583.6,14553.64,14639.58,14590.667142857143,14607.113333333335,1534,TRAIN
2025-04-15,3467.74,5095.11,6042.49,14605.34,1,4,15,0,14530.3,14686.33,14559.35,14587.332857142857,14602.903666666667,1535,TRAIN
2025-04-16,3484.28,5080.38,6036.16,14600.82,2,4,16,0,14605.34,14587.89,14611.91,14575.762857142856,14602.754000000003,1536,TRAIN
2025-04-17,3489.72,5102.54,6029.79,14622.05,3,4,17,0,14600.82,14573.73,14600.79,14577.61,14602.843666666666,1537,TRAIN
2025-04-18,3514.87,5098.15,6081.07,14694.09,4,4,18,0,14622.05,14575.03,14635.55,14584.512857142856,14600.414333333336,1538,TRAIN
2025-04-19,3478.77,5083.35,6059.06,14621.18,5,4,19,1,14694.09,14574.45,14574.6,14601.52142857143,14604.648666666666,1539,TRAIN
2025-04-20,3452.07,5131.04,6028.03,14611.14,6,4,20,1,14621.18,14583.6,14577.43,14608.197142857141,14601.520333333332,1540,TRAIN
2025-04-21,3453.87,5100.97,6065.27,14620.11,0,4,21,0,14611.14,14530.3,14553.64,14612.131428571429,14604.868666666667,1541,TRAIN
2025-04-22,3486.48,5078.0,6031.66,14596.14,1,4,22,0,14620.11,14605.34,14686.33,14624.961428571429,14604.440999999999,1542,TRAIN
2025-04-23,3469.49,5133.49,5977.39,14580.37,2,4,23,0,14596.14,14600.82,14587.89,14623.647142857142,14605.083,1543,TRAIN
2025-04-24,3483.11,5103.42,6013.13,14599.66,3,4,24,0,14580.37,14622.05,14573.73,14620.725714285714,14602.347666666667,1544,TRAIN
2025-04-25,3488.67,5152.86,6047.27,14688.8,4,4,25,0,14599.66,14694.09,14575.03,14617.527142857141,14602.087333333333,1545,TRAIN
2025-04-26,3471.06,5078.93,6042.85,14592.84,5,4,26,1,14688.8,14621.18,14574.45,14616.771428571428,14601.868,1546,TRAIN
2025-04-27,3506.65,5094.2,6019.15,14620.0,6,4,27,1,14592.84,14611.14,14583.6,14612.722857142857,14600.340333333332,1547,TRAIN
2025-04-28,3481.5,5138.03,5996.67,14616.2,0,4,28,0,14620.0,14620.11,14530.3,14613.988571428572,14600.739333333333,1548,TRAIN
2025-04-29,3493.39,5106.27,6040.17,14639.83,1,4,29,0,14616.2,14596.14,14605.34,14613.430000000002,14602.506333333333,1549,TRAIN
2025-04-30,3480.41,5102.74,5975.86,14559.01,2,4,30,0,14639.83,14580.37,14600.82,14619.67142857143,14605.758333333333,1550,TRAIN
2025-05-01,3463.52,5125.69,6043.0,14632.21,3,5,1,0,14559.01,14599.66,14622.05,14616.619999999999,14603.072666666667,1551,TRAIN
2025-05-02,3428.93,5088.53,6034.2,14551.66,4,5,2,0,14632.21,14688.8,14694.09,14621.27,14605.501333333332,1552,TRAIN
2025-05-03,3447.48,5101.48,6068.26,14617.22,5,5,3,1,14551.66,14592.84,14621.18,14601.67857142857,14603.493,1553,TRAIN
2025-05-04,3502.61,5112.59,6033.78,14648.98,6,5,4,1,14617.22,14620.0,14611.14,14605.16142857143,14604.040666666666,1554,TRAIN
2025-05-05,3444.68,5128.25,6043.47,14616.4,0,5,5,0,14648.98,14616.2,14620.11,14609.301428571429,14604.488333333335,1555,TRAIN
2025-05-06,3490.48,5092.61,6078.32,14661.41,1,5,6,0,14616.4,14639.83,14596.14,14609.33,14605.881666666666,1556,TRAIN
2025-05-07,3490.74,5075.84,6010.72,14577.3,2,5,7,0,14661.41,14559.01,14580.37,14612.412857142857,14608.681,1557,TRAIN
2025-05-08,3495.66,5128.2,6026.71,14650.57,3,5,8,0,14577.3,14632.21,14599.66,14615.025714285714,14609.469666666668,1558,TRAIN
2025-05-09,3461.52,5057.62,6018.01,14537.15,4,5,9,0,14650.57,14551.66,14688.8,14617.648571428572,14608.277666666667,1559,TRAIN
2025-05-10,3490.46,5074.4,5982.8,14547.66,5,5,10,1,14537.15,14617.22,14592.84,14615.575714285715,14606.586333333333,1560,TRAIN
2025-05-11,3532.86,5119.85,5961.1,14613.81,6,5,11,1,14547.66,14648.98,14620.0,14605.638571428572,14605.717333333334,1561,TRAIN
2025-05-12,3455.54,5100.03,5956.65,14512.22,0,5,12,0,14613.81,14616.4,14616.2,14600.614285714286,14607.01,1562,TRAIN
2025-05-13,3436.12,5107.42,6024.07,14567.61,1,5,13,0,14512.22,14661.41,14639.83,14585.731428571427,14604.935666666666,1563,TRAIN
2025-05-14,3456.53,5068.31,6044.39,14569.23,2,5,14,0,14567.61,14577.3,14559.01,14572.33142857143,14604.402666666665,1564,TRAIN
2025-05-15,3476.5,5105.78,6043.23,14625.51,3,5,15,0,14569.23,14650.57,14632.21,14571.17857142857,14605.700333333334,1565,TRAIN
2025-05-16,3483.44,5091.02,6087.62,14662.08,4,5,16,0,14625.51,14537.15,14551.66,14567.598571428569,14606.372666666666,1566,TRAIN
2025-05-17,3486.21,5115.28,5990.18,14591.67,5,5,17,1,14662.08,14547.66,14617.22,14585.445714285714,14608.414666666667,1567,TRAIN
2025-05-18,3478.52,5118.02,6054.97,14651.51,6,5,18,1,14591.67,14613.81,14648.98,14591.732857142855,14607.402,1568,TRAIN
2025-05-19,3531.86,5117.13,6106.07,14755.06,0,5,19,0,14651.51,14512.22,14616.4,14597.118571428571,14605.982666666667,1569,TRAIN
2025-05-20,3464.66,5093.14,6001.27,14559.07,1,5,20,0,14755.06,14567.61,14661.41,14631.81,14610.445333333333,1570,TRAIN
2025-05-21,3489.21,5120.58,6015.25,14625.04,2,5,21,0,14559.07,14569.23,14577.3,14630.589999999998,14608.709666666666,1571,TRAIN
2025-05-22,3492.36,5115.42,6043.69,14651.47,3,5,22,0,14625.04,14625.51,14650.57,14638.562857142857,14608.874000000002,1572,TRAIN
2025-05-23,3485.11,5079.1,6011.38,14575.59,4,5,23,0,14651.47,14662.08,14537.15,14642.27142857143,14610.718333333332,1573,TRAIN
2025-05-24,3472.98,5099.17,6054.47,14626.62,5,5,24,1,14575.59,14591.67,14547.66,14629.915714285715,14610.559000000001,1574,TRAIN
2025-05-25,3454.64,5122.17,6021.76,14598.57,6,5,25,1,14626.62,14651.51,14613.81,14634.908571428572,14611.457666666665,1575,TRAIN
2025-05-26,3476.61,5119.34,6064.57,14660.52,0,5,26,0,14598.57,14755.06,14512.22,14627.345714285713,14608.45,1576,TRAIN
2025-05-27,3507.94,5070.42,6084.58,14662.94,1,5,27,0,14660.52,14559.07,14567.61,14613.84,14610.706,1577,TRAIN
2025-05-28,3476.23,5132.38,6101.43,14710.04,2,5,28,0,14662.94,14625.04,14569.23,14628.67857142857,14612.137333333334,1578,TRAIN
2025-05-29,3497.34,5128.42,6049.88,14675.64,3,5,29,0,14710.04,14651.47,14625.51,14640.82142857143,14615.265333333335,1579,TRAIN
2025-05-30,3468.65,5072.25,5984.91,14525.81,4,5,30,0,14675.64,14575.59,14662.08,14644.274285714286,14616.459,1580,TRAIN
2025-05-31,3496.14,5120.35,5962.84,14579.33,5,5,31,1,14525.81,14626.62,14591.67,14637.162857142857,14615.352333333334,1581,TRAIN
2025-06-01,3496.78,4448.16,5997.13,13942.07,6,6,1,1,14579.33,14598.57,14651.51,14630.407142857144,14613.589666666667,1582,TRAIN
2025-06-02,3474.87,4441.48,5984.64,13900.99,0,6,2,0,13942.07,14660.52,14755.06,14536.621428571429,14593.269999999999,1583,TRAIN
2025-06-03,3520.77,4398.07,6005.89,13924.73,1,6,3,0,13900.99,14662.94,14559.07,14428.117142857142,14569.395666666667,1584,TRAIN
2025-06-04,3458.49,4490.25,6075.44,14024.18,2,6,4,0,13924.73,14710.04,14625.04,14322.658571428572,14545.253999999999,1585,TRAIN
2025-06-05,3487.82,4451.19,6025.89,13964.9,3,6,5,0,14024.18,14675.64,14651.47,14224.67857142857,14525.513333333334,1586,TRAIN
2025-06-06,3467.72,4450.8,5987.33,13905.85,4,6,6,0,13964.9,14525.81,14575.59,14123.144285714285,14502.296333333332,1587,TRAIN
2025-06-07,3493.81,4422.29,6041.05,13957.15,5,6,7,1,13905.85,14579.33,14626.62,14034.578571428572,14479.914666666667,1588,TRAIN
2025-06-08,3464.26,4417.44,6020.06,13901.76,6,6,8,1,13957.15,13942.07,14598.57,13945.695714285714,14456.800666666666,1589,TRAIN
2025-06-09,3521.52,4451.67,6026.47,13999.66,0,6,9,0,13901.76,13900.99,14660.52,13939.937142857143,14435.621000000001,1590,TRAIN
2025-06-10,3469.59,4399.93,6097.71,13967.23,1,6,10,0,13999.66,13924.73,14662.94,13954.032857142856,14417.354333333333,1591,TRAIN
2025-06-11,3477.32,4437.19,6036.19,13950.7,2,6,11,0,13967.23,14024.18,14710.04,13960.104285714287,14395.801666666666,1592,TRAIN
2025-06-12,3484.05,4456.14,6030.98,13971.17,3,6,12,0,13950.7,13964.9,14675.64,13949.607142857143,14377.084333333334,1593,TRAIN
2025-06-13,3438.52,4404.26,6020.16,13862.94,4,6,13,0,13971.17,13905.85,14525.81,13950.502857142857,14357.203000000001,1594,TRAIN
2025-06-14,3488.03,4447.65,6003.69,13939.37,5,6,14,1,13862.94,13957.15,14579.33,13944.372857142856,14333.66,1595,TRAIN
2025-06-15,3473.64,4402.53,6047.25,13923.42,6,6,15,1,13939.37,13901.76,13942.07,13941.832857142857,14310.788666666665,1596,TRAIN
2025-06-16,3503.17,4453.98,6097.59,14054.74,0,6,16,0,13923.42,13999.66,13900.99,13944.927142857141,14286.166666666666,1597,TRAIN
2025-06-17,3476.39,4468.15,6065.75,14010.29,1,6,17,0,14054.74,13967.23,13924.73,13952.795714285716,14268.268999999998,1598,TRAIN
2025-06-18,3512.96,4395.65,6061.39,13970.0,2,6,18,0,14010.29,13950.7,14024.18,13958.947142857143,14246.895,1599,TRAIN
2025-06-19,3476.3,4388.83,6012.55,13877.68,3,6,19,0,13970.0,13971.17,13964.9,13961.704285714284,14220.726333333334,1600,TRAIN
2025-06-20,3483.47,4438.97,5993.29,13915.73,4,6,20,0,13877.68,13862.94,13905.85,13948.348571428573,14198.013333333334,1601,TRAIN
2025-06-21,3484.18,4424.77,6031.57,13940.52,5,6,21,1,13915.73,13939.37,13957.15,13955.89,14174.369666666666,1602,TRAIN
2025-06-22,3451.09,4432.84,5984.63,13868.56,6,6,22,1,13940.52,13923.42,13901.76,13956.054285714286,14150.671333333334,1603,TRAIN
2025-06-23,3458.3,4437.81,6046.74,13942.85,0,6,23,0,13868.56,14054.74,13999.66,13948.217142857144,14127.103666666666,1604,TRAIN
2025-06-24,3453.08,4418.35,6034.34,13905.77,1,6,24,0,13942.85,14010.29,13967.23,13932.232857142857,14104.311333333333,1605,TRAIN
2025-06-25,3476.84,4390.67,6028.73,13896.24,2,6,25,0,13905.77,13970.0,13950.7,13917.301428571427,14081.217999999999,1606,TRAIN
2025-06-26,3444.8,4445.91,6024.86,13915.57,3,6,26,0,13896.24,13877.68,13971.17,13906.764285714284,14055.742,1607,TRAIN
2025-06-27,3482.22,4428.16,6040.21,13950.59,4,6,27,0,13915.57,13915.73,13862.94,13912.177142857143,14030.829666666667,1608,TRAIN
2025-06-28,3491.31,4451.47,6092.27,14035.05,5,6,28,1,13950.59,13940.52,13939.37,13917.157142857144,14005.514666666666,1609,TRAIN
2025-06-29,3440.54,4421.98,6084.32,13946.84,6,6,29,1,14035.05,13868.56,13923.42,13930.66142857143,13984.161666666669,1610,TRAIN
2025-06-30,3453.27,4474.6,5977.38,13905.25,0,6,30,0,13946.84,13942.85,14054.74,13941.844285714285,13964.862666666664,1611,TRAIN
2025-07-01,3489.63,4411.34,6049.55,13950.52,1,7,1,0,13905.25,13905.77,14010.29,13936.472857142857,13942.393333333333,1612,TRAIN
2025-07-02,3477.8,4436.51,6018.95,13933.26,2,7,2,0,13950.52,13896.24,13970.0,13942.865714285716,13942.675,1613,TRAIN
2025-07-03,3503.21,4446.88,6063.61,14013.7,3,7,3,0,13933.26,13915.57,13877.68,13948.154285714287,13943.750666666667,1614,TRAIN
2025-07-04,3471.74,4436.21,6001.22,13909.17,4,7,4,0,14013.7,13950.59,13915.73,13962.172857142856,13946.716333333334,1615,TRAIN
2025-07-05,3478.03,4424.91,5991.54,13894.48,5,7,5,1,13909.17,14035.05,13940.52,13956.255714285713,13942.882666666666,1616,TRAIN
2025-07-06,3503.25,4443.29,5968.18,13914.72,6,7,6,1,13894.48,13946.84,13868.56,13936.174285714285,13940.535333333333,1617,TRAIN
2025-07-07,3478.2,4382.58,6018.75,13879.53,0,7,7,0,13914.72,13905.25,13942.85,13931.585714285715,13940.831,1618,TRAIN
2025-07-08,3469.99,4418.6,6056.35,13944.94,1,7,8,0,13879.53,13950.52,13905.77,13927.91142857143,13938.243666666667,1619,TRAIN
2025-07-09,3475.64,4417.28,5984.49,13877.41,2,7,9,0,13944.94,13933.26,13896.24,13927.114285714284,13939.682999999999,1620,TRAIN
2025-07-10,3454.09,4432.18,5963.71,13849.98,3,7,10,0,13877.41,14013.7,13915.57,13919.135714285714,13935.608,1621,TRAIN
2025-07-11,3482.22,4466.17,6063.57,14011.96,4,7,11,0,13849.98,13909.17,13950.59,13895.747142857144,13931.699666666666,1622,TRAIN
2025-07-12,3486.66,4431.7,6036.26,13954.62,5,7,12,1,14011.96,13894.48,14035.05,13910.43142857143,13933.741666666667,1623,TRAIN
2025-07-13,3497.16,4411.95,5977.41,13886.52,6,7,13,1,13954.62,13914.72,13946.84,13919.022857142856,13933.19,1624,TRAIN
2025-07-14,3483.58,4417.7,6012.9,13914.18,0,7,14,0,13886.52,13879.53,13905.25,13914.994285714287,13933.976,1625,TRAIN
2025-07-15,3515.14,4427.57,6049.92,13992.63,1,7,15,0,13914.18,13944.94,13950.52,13919.944285714286,13933.136333333334,1626,TRAIN
2025-07-16,3471.37,4398.81,6027.03,13897.21,2,7,16,0,13992.63,13877.41,13933.26,13926.757142857143,13935.443333333335,1627,TRAIN
2025-07-17,3503.13,4432.12,6027.19,13962.44,3,7,17,0,13897.21,13849.98,14013.7,13929.585714285715,13930.192333333334,1628,TRAIN
2025-07-18,3506.36,4370.29,5999.26,13875.91,4,7,18,0,13962.44,14011.96,13909.17,13945.651428571427,13928.597333333333,1629,TRAIN
2025-07-19,3450.18,4491.8,6059.75,14001.73,5,7,19,1,13875.91,13954.62,13894.48,13926.215714285714,13925.461000000001,1630,TRAIN
2025-07-20,3481.3,4453.31,6078.46,14013.07,6,7,20,1,14001.73,13886.52,13914.72,13932.945714285715,13929.596,1631,TRAIN
2025-07-21,3471.65,4399.09,5945.54,13816.28,0,7,21,0,14013.07,13914.18,13879.53,13951.024285714286,13932.840666666667,1632,TRAIN
2025-07-22,3489.79,4432.06,6032.28,13954.13,1,7,22,0,13816.28,13992.63,13944.94,13937.03857142857,13928.699333333332,1633,TRAIN
2025-07-23,3528.59,4447.92,6101.16,14077.67,2,7,23,0,13954.13,13897.21,13877.41,13931.538571428571,13931.551666666666,1634,TRAIN
2025-07-24,3518.14,4449.58,6056.62,14024.34,3,7,24,0,14077.67,13962.44,13849.98,13957.31857142857,13936.045666666667,1635,TRAIN
2025-07-25,3505.02,4428.93,6021.42,13955.37,4,7,25,0,14024.34,13875.91,14011.96,13966.161428571428,13939.998,1636,TRAIN
2025-07-26,3472.03,4430.19,6074.32,13976.54,5,7,26,1,13955.37,14001.73,13954.62,13977.51285714286,13941.969000000001,1637,TRAIN
2025-07-27,3490.46,4453.29,6092.9,14036.65,6,7,27,1,13976.54,14013.07,13886.52,13973.914285714285,13944.001333333335,1638,TRAIN
2025-07-28,3479.72,4436.25,6009.35,13925.32,0,7,28,0,14036.65,13816.28,13914.18,13977.282857142858,13946.869999999999,1639,TRAIN
2025-07-29,3455.39,4459.21,6035.39,13949.99,1,7,29,0,13925.32,13954.13,13992.63,13992.86,13943.212333333333,1640,TRAIN
2025-07-30,3461.6,4389.0,6025.93,13876.53,2,7,30,0,13949.99,14077.67,13897.21,13992.268571428573,13943.317333333334,1641,TRAIN
2025-07-31,3503.12,4412.88,5984.94,13900.94,3,7,31,0,13876.53,14024.34,13962.44,13963.534285714286,13942.360000000002,1642,TRAIN
2025-08-01,3511.82,4449.7,6038.49,14000.01,4,8,1,0,13900.94,13955.37,13875.91,13945.905714285716,13940.707333333334,1643,TRAIN
2025-08-02,3481.11,4458.37,5987.0,13926.48,5,8,2,1,14000.01,13976.54,14001.73,13952.282857142856,13942.932333333332,1644,TRAIN
2025-08-03,3483.85,4444.58,6050.71,13979.14,6,8,3,1,13926.48,14036.65,14013.07,13945.131428571429,13940.025,1645,TRAIN
2025-08-04,3482.49,4437.02,6071.34,13990.85,0,8,4,0,13979.14,13925.32,13816.28,13936.915714285713,13942.357333333335,1646,TRAIN
2025-08-05,3469.58,4487.84,6053.02,14010.44,1,8,5,0,13990.85,13949.99,13954.13,13946.277142857143,13945.569666666668,1647,TRAIN
2025-08-06,3480.53,4430.86,6014.76,13926.15,2,8,6,0,14010.44,13876.53,14077.67,13954.912857142857,13948.760333333334,1648,TRAIN
2025-08-07,3514.23,4457.92,6017.06,13989.21,3,8,7,0,13926.15,13900.94,14024.34,13962.001428571428,13950.314333333336,1649,TRAIN
2025-08-08,3483.41,4398.34,5973.38,13855.13,4,8,8,0,13989.21,14000.01,13955.37,13974.611428571428,13951.79,1650,TRAIN
2025-08-09,3496.06,4411.44,6025.41,13932.91,5,8,9,1,13855.13,13926.48,13976.54,13953.914285714285,13951.047333333332,1651,TRAIN
2025-08-10,3499.26,4427.36,6052.18,13978.8,6,8,10,1,13932.91,13979.14,14036.65,13954.832857142857,13953.811666666666,1652,TRAIN
2025-08-11,3511.0,4424.17,6037.67,13972.84,0,8,11,0,13978.8,13990.85,13925.32,13954.784285714286,13952.706333333334,1653,TRAIN
2025-08-12,3493.81,4413.47,5981.18,13888.46,1,8,12,0,13972.84,14010.44,13949.99,13952.211428571429,13953.313666666665,1654,TRAIN
2025-08-13,3448.54,4426.39,6076.47,13951.4,2,8,13,0,13888.46,13926.15,13876.53,13934.785714285714,13953.378333333332,1655,TRAIN
2025-08-14,3480.83,4437.52,6092.82,14011.17,3,8,14,0,13951.4,13989.21,13900.94,13938.392857142857,13954.618999999999,1656,TRAIN
2025-08-15,3483.99,4420.23,6029.14,13933.36,4,8,15,0,14011.17,13855.13,14000.01,13941.529999999999,13955.237,1657,TRAIN
2025-08-16,3453.48,4425.71,6007.98,13887.17,5,8,16,1,13933.36,13932.91,13926.48,13952.705714285714,13956.442000000001,1658,TRAIN
2025-08-17,3476.38,4411.04,6027.33,13914.75,6,8,17,1,13887.17,13978.8,13979.14,13946.171428571428,13953.932999999999,1659,TRAIN
2025-08-18,3460.43,4483.45,6024.84,13968.72,0,8,18,0,13914.75,13972.84,13990.85,13937.021428571428,13955.227666666666,1660,TRAIN
2025-08-19,3529.59,4408.68,6021.66,13959.93,1,8,19,0,13968.72,13888.46,14010.44,13936.432857142858,13954.127333333334,1661,TRAIN
2025-08-20,3492.2,4465.22,5992.5,13949.92,2,8,20,0,13959.93,13951.4,13926.15,13946.642857142857,13952.356,1662,TRAIN
2025-08-21,3462.05,4406.86,6012.42,13881.33,3,8,21,0,13949.92,14011.17,13989.21,13946.43142857143,13956.810666666666,1663,TRAIN
2025-08-22,3504.17,4467.77,6000.47,13972.41,4,8,22,0,13881.33,13933.36,13855.13,13927.882857142857,13954.384,1664,TRAIN
2025-08-23,3489.93,4413.09,6051.74,13954.76,5,8,23,1,13972.41,13887.17,13932.91,13933.461428571429,13950.875333333332,1665,TRAIN
2025-08-24,3512.99,4424.37,6086.74,14024.1,6,8,24,1,13954.76,13914.75,13978.8,13943.117142857143,13948.556,1666,TRAIN
2025-08-25,3480.85,4436.04,6005.72,13922.61,0,8,25,0,14024.1,13968.72,13972.84,13958.738571428572,13950.847000000002,1667,TRAIN
2025-08-26,3497.71,4440.11,6013.09,13950.91,1,8,26,0,13922.61,13959.93,13888.46,13952.151428571427,13949.049333333332,1668,TRAIN
2025-08-27,3481.75,4411.53,5992.54,13885.82,2,8,27,0,13950.91,13949.92,13951.4,13950.862857142858,13946.191333333332,1669,TRAIN
2025-08-28,3500.18,4475.15,6004.0,13979.33,3,8,28,0,13885.82,13881.33,14011.17,13941.705714285714,13944.874666666667,1670,TRAIN
2025-08-29,3521.15,4410.3,6024.42,13955.87,4,8,29,0,13979.33,13972.41,13933.36,13955.705714285714,13945.852666666668,1671,TRAIN
2025-08-30,3455.53,4403.67,6008.99,13868.19,5,8,30,1,13955.87,13954.76,13887.17,13953.342857142858,13948.497333333333,1672,TRAIN
2025-08-31,3446.31,4438.37,6014.42,13899.1,6,8,31,1,13868.19,14024.1,13914.75,13940.975714285714,13947.405666666666,1673,TRAIN
2025-09-01,3463.75,4428.48,6007.42,13899.65,0,9,1,0,13899.1,13922.61,13968.72,13923.118571428571,13944.042,1674,TRAIN
2025-09-02,3472.78,4428.87,6037.88,13939.53,1,9,2,0,13899.65,13950.91,13959.93,13919.838571428572,13943.147666666666,1675,TRAIN
2025-09-03,3512.61,4435.51,5958.87,13906.99,2,9,3,0,13939.53,13885.82,13949.92,13918.212857142858,13941.82733333333,1676,TRAIN
2025-09-04,3477.69,4456.37,6069.85,14003.91,3,9,4,0,13906.99,13979.33,13881.33,13921.237142857144,13939.032000000001,1677,TRAIN
2025-09-05,3467.71,4430.78,6005.48,13903.97,4,9,5,0,14003.91,13955.87,13972.41,13924.748571428572,13938.814333333334,1678,TRAIN
2025-09-06,3483.53,4465.74,6030.9,13980.17,5,9,6,1,13903.97,13868.19,13954.76,13917.334285714285,13938.075,1679,TRAIN
2025-09-07,3489.16,4411.28,6000.21,13900.65,6,9,7,1,13980.17,13899.1,14024.1,13933.331428571428,13937.773666666668,1680,TRAIN
2025-09-08,3495.67,4452.03,5995.93,13943.63,0,9,8,0,13900.65,13899.65,13922.61,13933.552857142857,13939.291,1681,TRAIN
2025-09-09,3482.88,4423.79,6075.06,13981.73,1,9,9,0,13943.63,13939.53,13950.91,13939.835714285713,13939.648333333333,1682,TRAIN
2025-09-10,3474.32,4430.91,6018.95,13924.18,2,9,10,0,13981.73,13906.99,13885.82,13945.864285714284,13939.746000000001,1683,TRAIN
2025-09-11,3449.96,4396.51,6048.56,13895.03,3,9,11,0,13924.18,14003.91,13979.33,13948.320000000002,13938.124000000002,1684,TRAIN
2025-09-12,3458.76,4453.27,6060.9,13972.93,4,9,12,0,13895.03,13903.97,13955.87,13932.765714285715,13938.342999999999,1685,TRAIN
2025-09-13,3496.06,4457.02,6027.52,13980.6,5,9,13,1,13972.93,13980.17,13868.19,13942.617142857143,13939.060666666666,1686,TRAIN
2025-09-14,3515.05,4467.93,6018.18,14001.16,6,9,14,1,13980.6,13900.65,13899.1,13942.67857142857,13938.041666666666,1687,TRAIN
2025-09-15,3485.21,4442.48,6063.44,13991.13,0,9,15,0,14001.16,13943.63,13899.65,13957.037142857143,13940.301666666666,1688,TRAIN
2025-09-16,3487.28,4402.79,5998.89,13888.96,1,9,16,0,13991.13,13981.73,13939.53,13963.822857142859,13943.767,1689,TRAIN
2025-09-17,3503.43,4425.92,5986.5,13915.85,2,9,17,0,13888.96,13924.18,13906.99,13950.570000000002,13942.907333333334,1690,TRAIN
2025-09-18,3491.52,4415.16,6037.2,13943.88,3,9,18,0,13915.85,13895.03,14003.91,13949.380000000001,13941.144999999999,1691,TRAIN
2025-09-19,3489.56,4446.29,6067.39,14003.24,4,9,19,0,13943.88,13972.93,13903.97,13956.358571428571,13940.609999999999,1692,TRAIN
2025-09-20,3478.32,4424.67,6022.29,13925.28,5,9,20,1,14003.24,13980.6,13980.17,13960.68857142857,13942.387333333334,1693,TRAIN
2025-09-21,3474.35,4481.16,6020.65,13976.16,6,9,21,1,13925.28,14001.16,13900.65,13952.785714285714,13943.852333333334,1694,TRAIN
2025-09-22,3498.64,4453.47,5994.01,13946.12,0,9,22,0,13976.16,13991.13,13943.63,13949.214285714286,13943.977333333334,1695,TRAIN
2025-09-23,3521.33,4435.82,6032.71,13989.86,1,9,23,0,13946.12,13888.96,13981.73,13942.784285714284,13943.689333333334,1696,TRAIN
2025-09-24,3495.85,4445.15,6074.38,14015.38,2,9,24,0,13989.86,13915.85,13924.18,13957.198571428571,13942.548,1697,TRAIN
2025-09-25,3502.25,4446.15,6054.33,14002.73,3,9,25,0,14015.38,13943.88,13895.03,13971.417142857143,13945.640333333333,1698,TRAIN
2025-09-26,3472.24,4420.85,6054.82,13947.91,4,9,26,0,14002.73,14003.24,13972.93,13979.824285714287,13947.367666666667,1699,TRAIN
2025-09-27,3480.07,4458.43,5981.44,13919.94,5,9,27,1,13947.91,13925.28,13980.6,13971.92,13949.437333333333,1700,TRAIN
2025-09-28,3455.35,4456.22,6021.72,13933.29,6,9,28,1,13919.94,13976.16,14001.16,13971.157142857144,13947.457666666665,1701,TRAIN
2025-09-29,3473.56,4428.87,6028.76,13931.19,0,9,29,0,13933.29,13946.12,13991.13,13965.032857142856,13946.705,1702,TRAIN
2025-09-30,3480.15,4495.19,6033.86,14009.2,1,9,30,0,13931.19,13989.86,13888.96,13962.9,13948.805,1703,TRAIN
2025-10-01,3522.37,4475.71,6084.55,14082.63,2,10,1,0,14009.2,14015.38,13915.85,13965.662857142857,13952.475,1704,TRAIN
2025-10-02,3449.1,4471.22,5974.79,13895.11,3,10,2,0,14082.63,14002.73,13943.88,13975.27,13958.574333333332,1705,TRAIN
2025-10-03,3483.47,4427.62,6007.77,13918.86,4,10,3,0,13895.11,13947.91,14003.24,13959.895714285714,13957.093666666666,1706,TRAIN
2025-10-04,3448.95,4411.49,6054.76,13915.2,5,10,4,1,13918.86,13919.94,13925.28,13955.745714285715,13957.489333333333,1707,TRAIN
2025-10-05,3537.17,4464.79,6058.64,14060.6,6,10,5,1,13915.2,13933.29,13976.16,13955.06857142857,13954.532333333334,1708,TRAIN
2025-10-06,3463.95,4423.54,6045.33,13932.82,0,10,6,0,14060.6,13931.19,13946.12,13973.255714285715,13959.753333333332,1709,TRAIN
2025-10-07,3481.9,4434.99,6035.76,13952.65,1,10,7,0,13932.82,14009.2,13989.86,13973.488571428572,13958.175,1710,TRAIN
2025-10-08,3485.22,4449.38,6029.75,13964.35,2,10,8,0,13952.65,14082.63,14015.38,13965.410000000002,13959.908333333333,1711,TRAIN
2025-10-09,3460.92,4427.52,6113.71,14002.15,3,10,9,0,13964.35,13895.11,14002.73,13948.512857142856,13960.599,1712,TRAIN
2025-10-10,3470.45,4470.01,6016.79,13957.25,4,10,10,0,14002.15,13918.86,13947.91,13963.804285714286,13961.279666666665,1713,TRAIN
2025-10-11,3475.69,4458.33,6021.91,13955.93,5,10,11,1,13957.25,13915.2,13919.94,13969.288571428571,13962.382,1714,TRAIN
2025-10-12,3468.38,4452.99,6010.21,13931.58,6,10,12,1,13955.93,14060.6,13933.29,13975.107142857143,13964.412000000002,1715,TRAIN
2025-10-13,3469.64,4427.09,5998.58,13895.31,0,10,13,0,13931.58,13932.82,13931.19,13956.675714285713,13963.033666666666,1716,TRAIN
2025-10-14,3496.61,4434.25,6023.39,13954.25,1,10,14,0,13895.31,13952.65,14009.2,13951.317142857142,13960.190666666665,1717,TRAIN
2025-10-15,3489.71,4435.13,6040.07,13964.91,2,10,15,0,13954.25,13964.35,14082.63,13951.545714285714,13958.627,1718,TRAIN
2025-10-16,3515.83,4407.56,6024.27,13947.66,3,10,16,0,13964.91,14002.15,13895.11,13951.625714285716,13957.753,1719,TRAIN
2025-10-17,3488.63,4442.12,5995.15,13925.9,4,10,17,0,13947.66,13957.25,13918.86,13943.841428571428,13959.709666666666,1720,TRAIN
2025-10-18,3465.26,4448.71,6030.48,13944.45,5,10,18,1,13925.9,13955.93,13915.2,13939.362857142856,13960.044666666667,1721,TRAIN
2025-10-19,3465.3,4427.52,6059.96,13952.78,6,10,19,1,13944.45,13931.58,14060.6,13937.722857142857,13960.063666666667,1722,TRAIN
2025-10-20,3447.75,4435.05,6049.55,13932.35,0,10,20,0,13952.78,13895.31,13932.82,13940.751428571428,13958.381666666666,1723,TRAIN
2025-10-21,3461.28,4419.21,6081.33,13961.82,1,10,21,0,13932.35,13954.25,13952.65,13946.042857142858,13958.617333333334,1724,TRAIN
2025-10-22,3465.87,4427.44,6065.14,13958.45,2,10,22,0,13961.82,13964.91,13964.35,13947.124285714284,13958.139333333333,1725,TRAIN
2025-10-23,3465.78,4425.69,6079.7,13971.17,3,10,23,0,13958.45,13947.66,14002.15,13946.201428571429,13958.550333333334,1726,TRAIN
2025-10-24,3478.54,4401.39,6008.73,13888.66,4,10,24,0,13971.17,13925.9,13957.25,13949.56,13957.927333333331,1727,TRAIN
2025-10-25,3461.71,4437.64,6007.28,13906.63,5,10,25,1,13888.66,13944.45,13955.93,13944.240000000002,13953.703333333335,1728,TRAIN
2025-10-26,3520.42,4411.19,6031.26,13962.87,6,10,26,1,13906.63,13952.78,13931.58,13938.837142857143,13950.5,1729,TRAIN
2025-10-27,3453.27,4446.02,6102.74,14002.03,0,10,27,0,13962.87,13932.35,13895.31,13940.278571428573,13950.998666666668,1730,TRAIN
2025-10-28,3469.95,4437.94,6042.28,13950.17,1,10,28,0,14002.03,13961.82,13954.25,13950.232857142857,13953.734999999999,1731,TRAIN
2025-10-29,3431.5,4472.38,6018.71,13922.59,2,10,29,0,13950.17,13958.45,13964.91,13948.56857142857,13954.297666666667,1732,TRAIN
2025-10-30,3458.84,4412.74,5981.01,13852.59,3,10,30,0,13922.59,13971.17,13947.66,13943.445714285714,13954.010999999999,1733,TRAIN
2025-10-31,3456.96,4468.48,6048.09,13973.53,4,10,31,0,13852.59,13888.66,13925.9,13926.505714285713,13948.790666666668,1734,TRAIN
2025-11-01,3495.77,4420.18,6026.38,13942.33,5,11,1,1,13973.53,13906.63,13944.45,13938.630000000001,13945.154,1735,TRAIN
2025-11-02,3474.5,4441.8,5996.21,13912.51,6,11,2,1,13942.33,13962.87,13952.78,13943.73,13946.728000000001,1736,TRAIN
2025-11-03,3469.48,4414.39,6051.36,13935.23,0,11,3,0,13912.51,14002.03,13932.35,13936.535714285714,13946.516333333333,1737,TRAIN
2025-11-04,3473.59,4446.32,5960.23,13880.14,1,11,4,0,13935.23,13950.17,13961.82,13926.992857142857,13947.184,1738,TRAIN
2025-11-05,3489.21,4436.39,6037.84,13963.44,2,11,5,0,13880.14,13922.59,13958.45,13916.988571428572,13941.168666666666,1739,TRAIN
2025-11-06,3483.56,4436.59,6088.88,14009.03,3,11,6,0,13963.44,13852.59,13971.17,13922.824285714287,13942.189333333334,1740,TRAIN
2025-11-07,3488.44,4458.81,6045.08,13992.33,4,11,7,0,14009.03,13973.53,13888.66,13945.172857142858,13944.068666666668,1741,TRAIN
2025-11-08,3480.49,4431.53,6049.16,13961.18,5,11,8,1,13992.33,13942.33,13906.63,13947.858571428571,13945.001333333332,1742,TRAIN
2025-11-09,3491.75,4465.18,6065.11,14022.04,6,11,9,1,13961.18,13912.51,13962.87,13950.551428571429,13943.635666666667,1743,TRAIN
2025-11-10,3466.85,4405.86,6004.99,13877.7,0,11,10,0,14022.04,13935.23,14002.03,13966.198571428571,13945.795333333335,1744,TRAIN
2025-11-11,3499.4,4461.75,6013.13,13974.28,1,11,11,0,13877.7,13880.14,13950.17,13957.98,13943.187666666667,1745,TRAIN
2025-11-12,3522.7,4433.98,6027.47,13984.15,2,11,12,0,13974.28,13963.44,13922.59,13971.42857142857,13944.611,1746,TRAIN
2025-11-13,3492.4,4464.44,6055.08,14011.92,3,11,13,0,13984.15,14009.03,13852.59,13974.387142857144,13947.572333333335,1747,TRAIN
2025-11-14,3493.84,4478.15,6019.77,13991.76,4,11,14,0,14011.92,13992.33,13973.53,13974.800000000001,13949.494666666667,1748,TRAIN
2025-11-15,3488.71,4444.14,6020.0,13952.85,5,11,15,1,13991.76,13961.18,13942.33,13974.718571428572,13950.389666666666,1749,TRAIN
2025-11-16,3439.9,4433.92,5994.55,13868.37,6,11,16,1,13952.85,14022.04,13912.51,13973.528571428573,13950.562666666667,1750,TRAIN
2025-11-17,3478.1,4409.94,6071.36,13959.4,0,11,17,0,13868.37,13877.7,13935.23,13951.575714285715,13948.644999999999,1751,TRAIN
2025-11-18,3485.35,4443.11,6027.71,13956.17,1,11,18,0,13959.4,13974.28,13880.14,13963.247142857144,13949.143333333333,1752,TRAIN
2025-11-19,3469.54,4422.07,6078.44,13970.05,2,11,19,0,13956.17,13984.15,13963.44,13960.660000000002,13949.256333333333,1753,TRAIN
2025-11-20,3505.34,4406.34,5993.97,13905.65,3,11,20,0,13970.05,14011.92,14009.03,13958.645714285713,13950.512999999999,1754,TRAIN
2025-11-21,3489.94,4455.39,6028.8,13974.13,4,11,21,0,13905.65,13991.76,13992.33,13943.464285714286,13948.640666666668,1755,TRAIN
2025-11-22,3483.79,4487.66,6010.03,13981.48,5,11,22,1,13974.13,13952.85,13961.18,13940.945714285714,13949.163333333334,1756,TRAIN
2025-11-23,3487.36,4472.58,6030.48,13990.42,6,11,23,1,13981.48,13868.37,14022.04,13945.035714285714,13949.507000000001,1757,TRAIN
2025-11-24,3503.02,4433.51,6051.93,13988.46,0,11,24,0,13990.42,13959.4,13877.7,13962.471428571429,13952.899,1758,TRAIN
2025-11-25,3505.46,4416.87,6007.05,13929.38,1,11,25,0,13988.46,13956.17,13974.28,13966.622857142855,13955.626666666667,1759,TRAIN
2025-11-26,3480.83,4434.79,6069.78,13985.4,2,11,26,0,13929.38,13970.05,13984.15,13962.795714285714,13954.510333333334,1760,TRAIN
2025-11-27,3485.45,4441.96,6026.84,13954.25,3,11,27,0,13985.4,13905.65,14011.92,13964.988571428572,13953.956000000002,1761,TRAIN
2025-11-28,3480.48,4414.99,6039.41,13934.88,4,11,28,0,13954.25,13974.13,13991.76,13971.931428571426,13954.092,1762,TRAIN
2025-11-29,3478.67,4423.23,5981.44,13883.34,5,11,29,1,13934.88,13981.48,13952.85,13966.324285714287,13954.501666666667,1763,TRAIN
2025-11-30,3498.52,4452.09,6046.21,13996.82,6,11,30,1,13883.34,13990.42,13868.37,13952.304285714285,13955.526666666667,1764,TRAIN
2025-12-01,3471.09,4485.05,6018.17,13974.31,0,12,1,0,13996.82,13988.46,13959.4,13953.218571428572,13956.303000000002,1765,TRAIN
2025-12-02,3469.04,4445.45,6009.31,13923.8,1,12,2,0,13974.31,13929.38,13956.17,13951.197142857143,13957.369,1766,TRAIN
2025-12-03,3444.16,4446.63,5980.73,13871.52,2,12,3,0,13923.8,13985.4,13970.05,13950.399999999998,13957.745333333332,1767,TRAIN
2025-12-04,3504.54,4431.25,6062.49,13998.28,3,12,4,0,13871.52,13954.25,13905.65,13934.131428571429,13955.621666666668,1768,TRAIN
2025-12-05,3470.09,4447.58,6051.76,13969.43,4,12,5,0,13998.28,13934.88,13974.13,13940.421428571428,13959.559666666666,1769,TRAIN
2025-12-06,3503.96,4446.13,6025.87,13975.96,5,12,6,1,13969.43,13883.34,13981.48,13945.357142857143,13959.759333333332,1770,TRAIN
2025-12-07,3492.83,4408.77,6077.59,13979.19,6,12,7,1,13975.96,13996.82,13990.42,13958.58857142857,13958.657000000001,1771,TRAIN
2025-12-08,3444.79,4448.07,6111.12,14003.98,0,12,8,0,13979.19,13974.31,13988.46,13956.069999999998,13958.219000000001,1772,TRAIN
2025-12-09,3447.34,4425.99,6038.25,13911.58,1,12,9,0,14003.98,13923.8,13929.38,13960.308571428572,13959.645666666667,1773,TRAIN
2025-12-10,3492.83,4466.67,6043.91,14003.41,2,12,10,0,13911.58,13871.52,13985.4,13958.562857142857,13955.963666666667,1774,TRAIN
2025-12-11,3480.18,4445.22,6071.96,13997.36,3,12,11,0,14003.41,13998.28,13954.25,13977.404285714287,13960.154,1775,TRAIN
2025-12-12,3439.55,4415.18,6041.01,13895.74,4,12,12,0,13997.36,13969.43,13934.88,13977.272857142858,13960.923333333334,1776,TRAIN
2025-12-13,3442.6,4420.81,6037.05,13900.46,5,12,13,1,13895.74,13975.96,13883.34,13966.745714285715,13957.976333333332,1777,TRAIN
2025-12-14,3482.43,4410.74,6040.27,13933.44,6,12,14,1,13900.46,13979.19,13996.82,13955.960000000001,13954.261,1778,TRAIN
2025-12-15,3470.48,4455.3,6019.04,13944.82,0,12,15,0,13933.44,14003.98,13974.31,13949.424285714285,13952.317000000001,1779,TRAIN
2025-12-16,3467.94,4409.9,6067.54,13945.38,1,12,16,0,13944.82,13911.58,13923.8,13940.972857142857,13952.049333333332,1780,TRAIN
2025-12-17,3502.73,4422.3,6015.14,13940.17,2,12,17,0,13945.38,14003.41,13871.52,13945.801428571429,13954.616333333333,1781,TRAIN
2025-12-18,3477.69,4378.48,6008.65,13864.82,3,12,18,0,13940.17,13997.36,13998.28,13936.767142857143,13953.975333333334,1782,TRAIN
2025-12-19,3520.02,4416.06,6047.25,13983.33,4,12,19,0,13864.82,13895.74,13969.43,13917.832857142857,13950.930333333332,1783,TRAIN
2025-12-20,3474.4,4402.13,6037.5,13914.03,5,12,20,1,13983.33,13900.46,13975.96,13930.345714285713,13951.373,1784,TRAIN
2025-12-21,3476.26,4436.41,6065.9,13978.57,6,12,21,1,13914.03,13933.44,13979.19,13932.284285714286,13951.652333333333,1785,TRAIN
2025-12-22,3481.23,4456.42,5996.54,13934.19,0,12,22,0,13978.57,13944.82,14003.98,13938.731428571427,13951.800333333334,1786,TRAIN
2025-12-23,3457.09,4423.91,6063.19,13944.19,1,12,23,0,13934.19,13945.38,13911.58,13937.212857142857,13950.224,1787,TRAIN
2025-12-24,3427.79,4467.82,5967.07,13862.68,2,12,24,0,13944.19,13940.17,14003.41,13937.042857142858,13948.683,1788,TRAIN
2025-12-25,3476.74,4460.95,6044.73,13982.42,3,12,25,0,13862.68,13864.82,13997.36,13925.972857142859,13944.490333333333,1789,TRAIN
2025-12-26,3476.16,4442.19,6031.91,13950.26,4,12,26,0,13982.42,13983.33,13895.74,13942.772857142858,13946.258333333333,1790,TRAIN
2025-12-27,3480.02,4413.68,6044.18,13937.88,5,12,27,1,13950.26,13914.03,13900.46,13938.048571428571,13945.087,1791,TRAIN
2025-12-28,3458.69,4449.36,5990.81,13898.86,6,12,28,1,13937.88,13978.57,13933.44,13941.455714285714,13944.541333333333,1792,TRAIN
2025-12-29,3494.12,4437.07,6001.44,13932.63,0,12,29,0,13898.86,13934.19,13944.82,13930.068571428574,13943.340666666667,1793,TRAIN
2025-12-30,3466.95,4447.13,6024.1,13938.18,1,12,30,0,13932.63,13944.19,13945.38,13929.845714285713,13944.983666666667,1794,TRAIN
2025-12-31,3473.54,4429.42,6045.24,13948.2,2,12,31,0,13938.18,13862.68,13940.17,13928.987142857144,13943.029,1795,TRAIN
2026-01-01,3653.98,4648.81,6284.51,14587.3,3,1,1,0,13948.2,13982.42,13864.82,13941.204285714284,13942.158666666666,1796,VALIDATION
2026-01-02,3647.08,4652.53,6302.16,14601.77,4,1,2,0,14587.3,13950.26,13983.33,14027.615714285714,13964.275333333333,1797,VALIDATION
2026-01-03,3658.56,4648.76,6325.14,14632.46,5,1,3,1,14601.77,13937.88,13914.03,14120.688571428573,13988.617,1798,VALIDATION
2026-01-04,3681.41,4613.45,6344.59,14639.45,6,1,4,1,14632.46,13898.86,13978.57,14219.914285714285,14009.756333333333,1799,VALIDATION
2026-01-05,3650.93,4667.79,6308.92,14627.64,0,1,5,0,14639.45,13932.63,13934.19,14325.712857142857,14032.090333333334,1800,VALIDATION
2026-01-06,3659.51,4609.32,6301.62,14570.45,1,1,6,0,14627.64,13938.18,13944.19,14425.0,14053.813,1801,VALIDATION
2026-01-07,3653.95,4662.57,6266.9,14583.42,2,1,7,0,14570.45,13948.2,13862.68,14515.324285714287,14073.521666666667,1802,VALIDATION
2026-01-08,3650.8,4671.13,6361.0,14682.93,3,1,8,0,14583.42,14587.3,13982.42,14606.070000000002,14092.836333333335,1803,VALIDATION
2026-01-09,3645.04,4632.06,6358.42,14635.52,4,1,9,0,14682.93,14601.77,13950.26,14619.731428571427,14118.548,1804,VALIDATION
2026-01-10,3625.04,4650.27,6293.61,14568.92,5,1,10,1,14635.52,14632.46,13937.88,14624.552857142857,14139.618333333334,1805,VALIDATION
2026-01-11,3670.79,4618.0,6328.91,14617.7,6,1,11,1,14568.92,14639.45,13898.86,14615.475714285714,14158.670333333333,1806,VALIDATION
2026-01-12,3685.28,4633.6,6343.78,14662.66,0,1,12,0,14617.7,14627.64,13932.63,14612.368571428571,14182.735666666667,1807,VALIDATION
2026-01-13,3648.44,4686.06,6214.33,14548.83,1,1,13,0,14662.66,14570.45,13938.18,14617.371428571429,14208.142333333331,1808,VALIDATION
2026-01-14,3636.26,4649.29,6382.64,14668.19,2,1,14,0,14548.83,14583.42,13948.2,14614.282857142856,14228.655333333332,1809,VALIDATION
2026-01-15,3648.9,4626.8,6309.05,14584.75,3,1,15,0,14668.19,14682.93,14587.3,14626.392857142857,14252.767666666668,1810,VALIDATION
2026-01-16,3637.65,4637.69,6356.41,14631.75,4,1,16,0,14584.75,14635.52,14601.77,14612.367142857143,14274.08,1811,VALIDATION
2026-01-17,3658.59,4650.72,6293.41,14602.72,5,1,17,1,14631.75,14568.92,14632.46,14611.828571428572,14297.132666666666,1812,VALIDATION
2026-01-18,3645.34,4668.78,6372.41,14686.53,6,1,18,1,14602.72,14617.7,14639.45,14616.657142857144,14321.729333333333,1813,VALIDATION
2026-01-19,3650.57,4622.32,6265.36,14538.25,0,1,19,0,14686.53,14662.66,14627.64,14626.490000000002,14345.169333333333,1814,VALIDATION
2026-01-20,3641.88,4667.42,6329.61,14638.91,1,1,20,0,14538.25,14548.83,14570.45,14608.717142857144,14365.976666666666,1815,VALIDATION
2026-01-21,3657.19,4652.0,6270.23,14579.42,2,1,21,0,14638.91,14668.19,14583.42,14621.585714285715,14387.988,1816,VALIDATION
2026-01-22,3648.83,4659.57,6315.67,14624.07,3,1,22,0,14579.42,14584.75,14682.93,14608.904285714287,14409.495666666666,1817,VALIDATION
2026-01-23,3613.39,4614.55,6290.34,14518.28,4,1,23,0,14624.07,14631.75,14635.52,14614.521428571428,14432.158333333333,1818,VALIDATION
2026-01-24,3616.54,4631.86,6308.14,14556.54,5,1,24,1,14518.28,14602.72,14568.92,14598.311428571427,14454.011666666665,1819,VALIDATION
2026-01-25,3654.94,4629.26,6309.19,14593.39,6,1,25,1,14556.54,14686.53,14617.7,14591.714285714286,14473.149,1820,VALIDATION
2026-01-26,3630.2,4619.5,6260.1,14509.8,0,1,26,0,14593.39,14538.25,14662.66,14578.408571428572,14494.586666666666,1821,VALIDATION
2026-01-27,3634.67,4667.64,6336.66,14638.97,1,1,27,0,14509.8,14638.91,14548.83,14574.344285714285,14513.650666666665,1822,VALIDATION
2026-01-28,3630.29,4636.11,6364.52,14630.92,2,1,28,0,14638.97,14579.42,14668.19,14574.352857142858,14538.321,1823,VALIDATION
2026-01-29,3648.48,4659.03,6342.41,14649.92,3,1,29,0,14630.92,14624.07,14584.75,14581.710000000001,14561.597333333333,1824,VALIDATION
2026-01-30,3624.14,4646.76,6308.13,14579.03,4,1,30,0,14649.92,14518.28,14631.75,14585.402857142859,14585.321999999998,1825,VALIDATION
2026-01-31,3671.63,4637.3,6291.89,14600.82,5,1,31,1,14579.03,14556.54,14602.72,14594.08142857143,14606.349666666667,1826,VALIDATION
2026-02-01,3648.66,4641.0,6418.94,14708.6,6,2,1,1,14600.82,14593.39,14686.53,14600.407142857142,14606.800333333334,1827,VALIDATION
2026-02-02,3628.34,4678.21,6344.44,14650.99,0,2,2,0,14708.6,14509.8,14538.25,14616.865714285714,14610.361333333332,1828,VALIDATION
2026-02-03,3658.03,4639.22,6325.07,14622.32,1,2,3,0,14650.99,14638.97,14638.91,14637.035714285714,14610.979,1829,VALIDATION
2026-02-04,3654.78,4652.63,6303.61,14611.02,2,2,4,0,14622.32,14630.92,14579.42,14634.657142857142,14610.408,1830,VALIDATION
2026-02-05,3683.49,4672.66,6315.84,14671.99,3,2,5,0,14611.02,14649.92,14624.07,14631.814285714285,14609.854,1831,VALIDATION
2026-02-06,3660.64,4645.92,6282.88,14589.44,4,2,6,0,14671.99,14579.03,14518.28,14634.967142857142,14613.238666666666,1832,VALIDATION
2026-02-07,3639.12,4647.78,6216.48,14503.38,5,2,7,1,14589.44,14600.82,14556.54,14636.454285714284,14613.439333333334,1833,VALIDATION
2026-02-08,3647.45,4653.0,6314.74,14615.19,6,2,8,1,14503.38,14708.6,14593.39,14622.534285714286,14607.454333333333,1834,VALIDATION
2026-02-09,3651.01,4649.48,6318.93,14619.42,0,2,9,0,14615.19,14650.99,14509.8,14609.19,14606.776666666667,1835,VALIDATION
2026-02-10,3707.61,4641.43,6317.89,14666.93,1,2,10,0,14619.42,14622.32,14638.97,14604.679999999998,14608.46,1836,VALIDATION
2026-02-11,3656.75,4680.12,6343.59,14680.46,2,2,11,0,14666.93,14611.02,14630.92,14611.052857142857,14610.100999999999,1837,VALIDATION
2026-02-12,3640.04,4602.93,6296.52,14539.49,3,2,12,0,14680.46,14671.99,14649.92,14620.972857142857,14610.694333333335,1838,VALIDATION
2026-02-13,3642.73,4650.26,6411.9,14704.89,4,2,13,0,14539.49,14589.44,14579.03,14602.044285714288,14610.383,1839,VALIDATION
2026-02-14,3657.32,4664.03,6334.62,14655.97,5,2,14,1,14704.89,14503.38,14600.82,14618.537142857143,14611.606333333333,1840,VALIDATION
2026-02-15,3653.62,4647.96,6339.74,14641.32,6,2,15,1,14655.97,14615.19,14708.6,14640.335714285715,14613.980333333333,1841,VALIDATION
2026-02-16,3647.12,4698.4,6296.11,14641.63,0,2,16,0,14641.32,14619.42,14650.99,14644.06857142857,14614.299333333332,1842,VALIDATION
2026-02-17,3638.33,4609.87,6336.7,14584.9,1,2,17,0,14641.63,14666.93,14622.32,14647.24142857143,14615.596333333333,1843,VALIDATION
2026-02-18,3644.42,4669.53,6340.54,14654.49,2,2,18,0,14584.9,14680.46,14611.02,14635.522857142858,14612.208666666667,1844,VALIDATION
2026-02-19,3595.76,4648.0,6302.48,14546.24,3,2,19,0,14654.49,14539.49,14671.99,14631.812857142857,14616.083333333334,1845,VALIDATION
2026-02-20,3620.16,4636.21,6377.41,14633.78,4,2,20,0,14546.24,14704.89,14589.44,14632.777142857141,14612.994333333334,1846,VALIDATION
2026-02-21,3639.23,4668.84,6328.95,14637.02,5,2,21,1,14633.78,14655.97,14503.38,14622.61857142857,14614.806333333334,1847,VALIDATION
2026-02-22,3668.79,4648.7,6251.83,14569.32,6,2,22,1,14637.02,14641.32,14615.19,14619.911428571428,14615.238,1848,VALIDATION
2026-02-23,3684.88,4691.26,6332.52,14708.66,0,2,23,0,14569.32,14641.63,14619.42,14609.625714285716,14616.939333333334,1849,VALIDATION
2026-02-24,3618.01,4669.82,6259.25,14547.08,1,2,24,0,14708.66,14584.9,14666.93,14619.201428571427,14622.010000000002,1850,VALIDATION
2026-02-25,3625.82,4613.16,6312.2,14551.18,2,2,25,0,14547.08,14654.49,14680.46,14613.798571428571,14620.466333333334,1851,VALIDATION
2026-02-26,3632.78,4676.63,6296.21,14605.62,3,2,26,0,14551.18,14546.24,14539.49,14599.039999999999,14621.845666666666,1852,VALIDATION
2026-02-27,3672.4,4626.32,6366.86,14665.58,4,2,27,0,14605.62,14633.78,14704.89,14607.522857142858,14620.734,1853,VALIDATION
2026-02-28,3650.42,4657.39,6325.89,14633.7,5,2,28,1,14665.58,14637.02,14655.97,14612.065714285714,14621.889333333333,1854,VALIDATION
2026-03-01,3640.88,5324.09,6327.49,15292.46,6,3,1,1,14633.7,14569.32,14641.32,14611.591428571428,14621.348666666667,1855,VALIDATION
2026-03-02,3620.82,5416.29,6305.93,15343.04,0,3,2,0,15292.46,14708.66,14641.63,14714.897142857142,14645.129666666668,1856,VALIDATION
2026-03-03,3691.51,5369.9,6356.21,15417.62,1,3,3,0,15343.04,14547.08,14584.9,14805.522857142858,14669.870333333332,1857,VALIDATION
2026-03-04,3634.47,5331.13,6332.4,15298.0,2,3,4,0,15417.62,14551.18,14654.49,14929.885714285716,14693.504333333334,1858,VALIDATION
2026-03-05,3673.77,5342.27,6274.5,15290.54,3,3,5,0,15298.0,14605.62,14546.24,15036.574285714287,14715.071333333333,1859,VALIDATION
2026-03-06,3646.31,5348.14,6366.66,15361.11,4,3,6,0,15290.54,14665.58,14633.78,15134.42,14737.345333333335,1860,VALIDATION
2026-03-07,3630.2,5342.47,6268.66,15241.33,5,3,7,1,15361.11,14633.7,14637.02,15233.781428571428,14762.348333333333,1861,VALIDATION
2026-03-08,3642.16,5345.85,6356.07,15344.08,6,3,8,1,15241.33,15292.46,14569.32,15320.585714285715,14781.326333333334,1862,VALIDATION
2026-03-09,3698.18,5396.66,6311.33,15406.17,0,3,9,0,15344.08,15343.04,14708.66,15327.960000000001,14806.481,1863,VALIDATION
2026-03-10,3634.58,5361.54,6317.51,15313.63,1,3,10,0,15406.17,15417.62,14547.08,15336.978571428572,14836.573999999999,1864,VALIDATION
2026-03-11,3636.98,5320.82,6312.58,15270.38,2,3,11,0,15313.63,15298.0,14551.18,15322.122857142856,14859.855333333333,1865,VALIDATION
2026-03-12,3633.13,5374.13,6332.23,15339.49,3,3,12,0,15270.38,15290.54,14605.62,15318.177142857141,14881.554,1866,VALIDATION
2026-03-13,3665.57,5344.69,6374.9,15385.16,4,3,13,0,15339.49,15361.11,14665.58,15325.17,14903.972666666667,1867,VALIDATION
2026-03-14,3603.52,5373.59,6296.7,15273.81,5,3,14,1,15385.16,15241.33,14633.7,15328.605714285715,14927.462666666666,1868,VALIDATION
2026-03-15,3650.02,5375.79,6293.55,15319.36,6,3,15,1,15273.81,15344.08,15292.46,15333.245714285715,14951.94,1869,VALIDATION
2026-03-16,3698.63,5387.55,6310.45,15396.63,0,3,16,0,15319.36,15406.17,15343.04,15329.714285714286,14972.422333333332,1870,VALIDATION
2026-03-17,3638.35,5391.12,6316.66,15346.13,1,3,17,0,15396.63,15313.63,15417.62,15328.351428571428,14997.111,1871,VALIDATION
2026-03-18,3658.01,5359.69,6334.82,15352.52,2,3,18,0,15346.13,15270.38,15298.0,15332.994285714285,15020.604666666668,1872,VALIDATION
2026-03-19,3664.66,5297.44,6356.52,15318.62,3,3,19,0,15352.52,15339.49,15290.54,15344.728571428572,15044.301000000001,1873,VALIDATION
2026-03-20,3627.15,5363.01,6252.46,15242.62,4,3,20,0,15318.62,15385.16,15361.11,15341.747142857143,15068.758333333333,1874,VALIDATION
2026-03-21,3651.13,5346.22,6330.41,15327.76,5,3,21,1,15242.62,15273.81,15241.33,15321.384285714286,15088.362666666666,1875,VALIDATION
2026-03-22,3647.57,5389.34,6351.21,15388.12,6,3,22,1,15327.76,15319.36,15344.08,15329.091428571428,15114.413333333334,1876,VALIDATION
2026-03-23,3656.62,5370.24,6256.37,15283.23,0,3,23,0,15388.12,15396.63,15406.17,15338.914285714285,15139.557999999999,1877,VALIDATION
2026-03-24,3621.77,5318.91,6344.95,15285.63,1,3,24,0,15283.23,15346.13,15313.63,15322.714285714286,15161.098333333333,1878,VALIDATION
2026-03-25,3648.85,5394.88,6340.4,15384.13,2,3,25,0,15285.63,15352.52,15270.38,15314.07142857143,15184.975333333334,1879,VALIDATION
2026-03-26,3631.82,5382.74,6371.8,15386.36,3,3,26,0,15384.13,15318.62,15339.49,15318.587142857143,15207.491,1880,VALIDATION
2026-03-27,3642.05,5381.46,6359.5,15383.01,4,3,27,0,15386.36,15242.62,15385.16,15328.264285714287,15235.467,1881,VALIDATION
2026-03-28,3670.79,5334.46,6363.85,15369.1,5,3,28,1,15383.01,15327.76,15273.81,15348.320000000002,15263.194666666668,1882,VALIDATION
2026-03-29,3609.88,5311.71,6346.24,15267.83,6,3,29,1,15369.1,15388.12,15319.36,15354.225714285714,15288.643999999998,1883,VALIDATION
2026-03-30,3659.29,5355.55,6304.66,15319.5,0,3,30,0,15267.83,15283.23,15396.63,15337.04142857143,15308.719000000001,1884,VALIDATION
2026-03-31,3638.8,5360.34,6273.44,15272.58,1,3,31,0,15319.5,15285.63,15346.13,15342.222857142857,15331.579,1885,VALIDATION
2026-04-01,3672.64,5386.8,6347.84,15407.28,2,4,1,0,15272.58,15384.13,15352.52,15340.358571428573,15330.916333333333,1886,VALIDATION
2026-04-02,3614.58,5389.98,6351.45,15356.01,3,4,2,0,15407.28,15386.36,15318.62,15343.665714285715,15333.057666666666,1887,VALIDATION
2026-04-03,3608.96,5346.46,6275.78,15231.2,4,4,3,0,15356.01,15383.01,15242.62,15339.33,15331.003999999999,1888,VALIDATION
2026-04-04,3633.0,5381.82,6285.29,15300.11,5,4,4,1,15231.2,15369.1,15327.76,15317.642857142857,15328.777333333333,1889,VALIDATION
2026-04-05,3666.91,5345.01,6288.4,15300.32,6,4,5,1,15300.11,15267.83,15388.12,15307.787142857142,15329.096333333331,1890,VALIDATION
2026-04-06,3667.62,5312.57,6291.52,15271.71,0,4,6,0,15300.32,15319.5,15283.23,15312.42857142857,15327.07,1891,VALIDATION
2026-04-07,3645.52,5350.06,6291.48,15287.06,1,4,7,0,15271.71,15272.58,15285.63,15305.601428571428,15328.082666666667,1892,VALIDATION
2026-04-08,3641.46,5360.69,6311.39,15313.54,2,4,8,0,15287.06,15407.28,15384.13,15307.67,15326.182,1893,VALIDATION
2026-04-09,3635.29,5365.38,6389.29,15389.96,3,4,9,0,15313.54,15356.01,15386.36,15294.278571428571,15323.094333333334,1894,VALIDATION
2026-04-10,3663.67,5355.71,6320.84,15340.22,4,4,10,0,15389.96,15231.2,15383.01,15299.128571428571,15325.638666666668,1895,VALIDATION
2026-04-11,3619.52,5347.0,6363.41,15329.93,5,4,11,1,15340.22,15300.11,15369.1,15314.702857142856,15327.966666666667,1896,VALIDATION
2026-04-12,3644.82,5331.15,6312.88,15288.85,6,4,12,1,15329.93,15300.32,15267.83,15318.962857142858,15327.648,1897,VALIDATION
2026-04-13,3654.28,5324.76,6275.31,15254.35,0,4,13,0,15288.85,15271.71,15319.5,15317.324285714285,15324.437666666667,1898,VALIDATION
2026-04-14,3674.1,5349.99,6317.73,15341.82,1,4,14,0,15254.35,15287.06,15272.58,15314.844285714285,15323.788999999999,1899,VALIDATION
2026-04-15,3665.16,5356.44,6268.48,15290.08,2,4,15,0,15341.82,15313.54,15407.28,15322.667142857144,15324.537666666667,1900,VALIDATION
2026-04-16,3640.3,5369.71,6244.05,15254.06,3,4,16,0,15290.08,15389.96,15356.01,15319.315714285713,15320.986,1901,VALIDATION
2026-04-17,3609.26,5357.77,6289.07,15256.1,4,4,17,0,15254.06,15340.22,15231.2,15299.901428571427,15317.917,1902,VALIDATION
2026-04-18,3664.36,5361.87,6303.33,15329.56,5,4,18,1,15256.1,15329.93,15300.11,15287.884285714286,15314.703,1903,VALIDATION
2026-04-19,3634.23,5391.89,6297.0,15323.12,6,4,19,1,15329.56,15288.85,15300.32,15287.831428571428,15315.067666666666,1904,VALIDATION
2026-04-20,3649.14,5398.64,6353.31,15401.09,0,4,20,0,15323.12,15254.35,15271.71,15292.727142857144,15317.750999999998,1905,VALIDATION
2026-04-21,3631.12,5391.48,6254.61,15277.21,1,4,21,0,15401.09,15341.82,15287.06,15313.69,15320.195333333333,1906,VALIDATION
2026-04-22,3693.13,5351.42,6312.84,15357.39,2,4,22,0,15277.21,15290.08,15313.54,15304.460000000001,15316.498333333333,1907,VALIDATION
2026-04-23,3659.95,5341.39,6281.43,15282.77,3,4,23,0,15357.39,15254.06,15389.96,15314.075714285715,15318.970333333333,1908,VALIDATION
2026-04-24,3623.3,5319.37,6433.48,15376.15,4,4,24,0,15282.77,15256.1,15340.22,15318.177142857143,15318.875,1909,VALIDATION
2026-04-25,3651.4,5348.68,6332.44,15332.52,5,4,25,1,15376.15,15329.56,15329.93,15335.327142857144,15318.609,1910,VALIDATION
2026-04-26,3647.09,5340.93,6355.32,15343.34,6,4,26,1,15332.52,15323.12,15288.85,15335.75,15316.814333333334,1911,VALIDATION
2026-04-27,3679.56,5374.32,6321.84,15375.72,0,4,27,0,15343.34,15401.09,15254.35,15338.638571428572,15315.492,1912,VALIDATION
2026-04-28,3636.71,5334.94,6318.86,15290.51,1,4,28,0,15375.72,15277.21,15341.82,15335.014285714284,15315.712666666666,1913,VALIDATION
2026-04-29,3633.59,5361.21,6290.11,15284.91,2,4,29,0,15290.51,15357.39,15290.08,15336.914285714287,15316.468666666666,1914,VALIDATION
2026-04-30,3662.65,5333.71,6254.14,15250.5,3,4,30,0,15284.91,15282.77,15254.06,15326.560000000001,15315.315666666667,1915,VALIDATION
2026-05-01,3641.31,5369.54,6324.06,15334.91,4,5,1,0,15250.5,15376.15,15256.1,15321.949999999999,15314.579666666667,1916,VALIDATION
2026-05-02,3660.08,5369.06,6324.38,15353.52,5,5,2,1,15334.91,15332.52,15329.56,15316.058571428572,15312.167333333335,1917,VALIDATION
2026-05-03,3619.95,5360.96,6268.63,15249.54,6,5,3,1,15353.52,15343.34,15323.12,15319.058571428572,15312.084333333334,1918,VALIDATION
2026-05-04,3643.0,5360.17,6249.54,15252.71,0,5,4,0,15249.54,15375.72,15401.09,15305.658571428574,15312.695666666667,1919,VALIDATION
2026-05-05,3669.32,5389.07,6301.82,15360.21,1,5,5,0,15252.71,15290.51,15277.21,15288.085714285715,15311.115666666668,1920,VALIDATION
2026-05-06,3673.71,5350.78,6329.57,15354.06,2,5,6,0,15360.21,15284.91,15357.39,15298.042857142855,15313.112,1921,VALIDATION
2026-05-07,3643.67,5380.1,6301.42,15325.19,3,5,7,0,15354.06,15250.5,15282.77,15307.921428571428,15315.856999999998,1922,VALIDATION
2026-05-08,3655.0,5320.59,6398.42,15374.01,4,5,8,0,15325.19,15334.91,15376.15,15318.59142857143,15317.127999999999,1923,VALIDATION
2026-05-09,3666.44,5323.89,6257.93,15248.26,5,5,9,1,15374.01,15353.52,15332.52,15324.177142857143,15319.143666666667,1924,VALIDATION
2026-05-10,3679.76,5326.1,6278.01,15283.87,6,5,10,1,15248.26,15249.54,15343.34,15309.14,15314.420333333333,1925,VALIDATION
2026-05-11,3672.26,5361.12,6329.12,15362.5,0,5,11,0,15283.87,15252.71,15375.72,15314.044285714288,15312.542,1926,VALIDATION
2026-05-12,3647.99,5366.06,6265.69,15279.74,1,5,12,0,15362.5,15360.21,15290.51,15329.728571428572,15313.627666666667,1927,VALIDATION
2026-05-13,3624.96,5358.53,6309.62,15293.11,2,5,13,0,15279.74,15354.06,15284.91,15318.232857142857,15313.323999999999,1928,VALIDATION
2026-05-14,3628.41,5369.53,6291.29,15289.23,3,5,14,0,15293.11,15325.19,15250.5,15309.525714285714,15314.616000000002,1929,VALIDATION
2026-05-15,3665.11,5403.63,6279.98,15348.72,4,5,15,0,15289.23,15374.01,15334.91,15304.388571428572,15312.863000000001,1930,VALIDATION
2026-05-16,3662.21,5367.29,6274.88,15304.38,5,5,16,1,15348.72,15248.26,15353.52,15300.775714285714,15314.817666666666,1931,VALIDATION
2026-05-17,3656.24,5364.13,6316.39,15336.76,6,5,17,1,15304.38,15283.87,15249.54,15308.792857142858,15316.494999999999,1932,VALIDATION
2026-05-18,3660.14,5326.1,6290.27,15276.51,0,5,18,0,15336.76,15362.5,15252.71,15316.348571428569,15319.183666666668,1933,VALIDATION
2026-05-19,3648.77,5337.6,6345.52,15331.89,1,5,19,0,15276.51,15279.74,15360.21,15304.064285714285,15317.415333333334,1934,VALIDATION
2026-05-20,3650.04,5330.63,6385.95,15366.62,2,5,20,0,15331.89,15293.11,15354.06,15311.514285714287,15317.707666666667,1935,VALIDATION
2026-05-21,3666.3,5375.59,6304.01,15345.9,3,5,21,0,15366.62,15289.23,15325.19,15322.015714285715,15316.558666666668,1936,VALIDATION
2026-05-22,3633.2,5330.49,6339.8,15303.49,4,5,22,0,15345.9,15348.72,15374.01,15330.111428571428,15318.848333333332,1937,VALIDATION
2026-05-23,3671.63,5383.49,6320.88,15376.0,5,5,23,1,15303.49,15304.38,15248.26,15323.65,15317.051666666668,1938,VALIDATION
2026-05-24,3660.6,5372.24,6298.58,15331.42,6,5,24,1,15376.0,15336.76,15283.87,15333.881428571429,15320.159333333335,1939,VALIDATION
2026-05-25,3650.81,5349.01,6371.07,15370.89,0,5,25,0,15331.42,15276.51,15362.5,15333.118571428571,15318.668333333333,1940,VALIDATION
2026-05-26,3684.95,5298.56,6351.47,15334.98,1,5,26,0,15370.89,15331.89,15279.74,15346.601428571428,15319.947333333335,1941,VALIDATION
2026-05-27,3639.61,5354.58,6332.58,15326.77,2,5,27,0,15334.98,15366.62,15293.11,15347.042857142855,15319.668666666666,1942,VALIDATION
2026-05-28,3676.93,5341.57,6374.06,15392.56,3,5,28,0,15326.77,15345.9,15289.23,15341.35,15318.037000000002,1943,VALIDATION
2026-05-29,3669.03,5327.86,6306.06,15302.95,4,5,29,0,15392.56,15303.49,15348.72,15348.015714285712,15321.438666666667,1944,VALIDATION
2026-05-30,3676.55,5365.47,6277.2,15319.22,5,5,30,1,15302.95,15376.0,15304.38,15347.938571428573,15322.039999999999,1945,VALIDATION
2026-05-31,3629.06,5317.01,6279.13,15225.2,6,5,31,1,15319.22,15331.42,15336.76,15339.827142857144,15324.330666666667,1946,VALIDATION
2026-06-01,3607.33,4667.81,6289.61,14564.75,0,6,1,0,15225.2,15370.89,15276.51,15324.652857142859,15320.673666666667,1947,VALIDATION
2026-06-02,3665.24,4650.04,6280.07,14595.35,1,6,2,0,14564.75,15334.98,15331.89,15209.490000000002,15294.381333333333,1948,VALIDATION
2026-06-03,3629.58,4638.79,6284.31,14552.68,2,6,3,0,14595.35,15326.77,15366.62,15103.828571428572,15272.575,1949,VALIDATION
2026-06-04,3659.79,4632.05,6345.0,14636.84,3,6,4,0,14552.68,15392.56,15345.9,14993.244285714287,15249.240666666667,1950,VALIDATION
2026-06-05,3684.95,4621.23,6334.68,14640.86,4,6,5,0,14636.84,15302.95,15303.49,14885.284285714286,15225.128333333334,1951,VALIDATION
2026-06-06,3669.92,4639.65,6419.42,14728.99,5,6,6,1,14640.86,15319.22,15376.0,14790.699999999999,15201.355000000001,1952,VALIDATION
2026-06-07,3656.87,4648.41,6380.98,14686.26,6,6,7,1,14728.99,15225.2,15331.42,14706.381428571429,15181.481666666667,1953,VALIDATION
2026-06-08,3664.01,4621.06,6325.27,14610.34,0,6,8,0,14686.26,14564.75,15370.89,14629.39,15158.556666666667,1954,VALIDATION
2026-06-09,3627.75,4623.94,6269.89,14521.58,1,6,9,0,14610.34,14595.35,15334.98,14635.902857142855,15137.292666666668,1955,VALIDATION
2026-06-10,3659.49,4681.47,6227.22,14568.18,2,6,10,0,14521.58,14552.68,15326.77,14625.364285714286,15111.883,1956,VALIDATION
2026-06-11,3642.29,4599.41,6369.75,14611.45,3,6,11,0,14568.18,14636.84,15392.56,14627.578571428572,15085.405666666666,1957,VALIDATION
2026-06-12,3637.93,4675.97,6260.14,14574.04,4,6,12,0,14611.45,14640.86,15302.95,14623.951428571429,15063.129333333334,1958,VALIDATION
2026-06-13,3660.65,4664.01,6254.52,14579.18,5,6,13,1,14574.04,14728.99,15319.22,14614.405714285715,15039.160333333333,1959,VALIDATION
2026-06-14,3657.88,4680.28,6295.06,14633.22,6,6,14,1,14579.18,14686.26,15225.2,14593.004285714285,15015.492,1960,VALIDATION
2026-06-15,3627.11,4643.1,6295.42,14565.63,0,6,15,0,14633.22,14610.34,14564.75,14585.427142857143,14991.642,1961,VALIDATION
2026-06-16,3643.68,4650.54,6369.64,14663.86,1,6,16,0,14565.63,14521.58,14595.35,14579.039999999999,14967.017,1962,VALIDATION
2026-06-17,3664.56,4632.68,6359.63,14656.87,2,6,17,0,14663.86,14568.18,14552.68,14599.365714285714,14944.587,1963,VALIDATION
2026-06-18,3645.58,4605.37,6298.09,14549.04,3,6,18,0,14656.87,14611.45,14636.84,14612.035714285714,14923.932333333332,1964,VALIDATION
2026-06-19,3627.02,4665.66,6357.3,14649.98,4,6,19,0,14549.04,14574.04,14640.86,14603.119999999999,14897.837333333333,1965,VALIDATION
2026-06-20,3602.55,4666.96,6258.1,14527.61,5,6,20,1,14649.98,14579.18,14728.99,14613.968571428572,14873.949333333332,1966,VALIDATION
2026-06-21,3626.38,4684.02,6377.9,14688.3,6,6,21,1,14527.61,14633.22,14686.26,14606.60142857143,14846.673,1967,VALIDATION
2026-06-22,3696.39,4663.91,6310.66,14670.96,0,6,22,0,14688.3,14565.63,14610.34,14614.47,14826.166666666666,1968,VALIDATION
2026-06-23,3671.65,4644.01,6289.56,14605.22,1,6,23,0,14670.96,14663.86,14521.58,14629.517142857145,14802.665333333332,1969,VALIDATION
2026-06-24,3657.14,4663.77,6373.47,14694.38,2,6,24,0,14605.22,14656.87,14568.18,14621.140000000001,14778.458666666667,1970,VALIDATION
2026-06-25,3663.44,4659.98,6340.28,14663.7,3,6,25,0,14694.38,14549.04,14611.45,14626.49857142857,14755.908333333333,1971,VALIDATION
2026-06-26,3659.49,4638.59,6314.15,14612.23,4,6,26,0,14663.7,14649.98,14574.04,14642.878571428573,14733.532333333333,1972,VALIDATION
2026-06-27,3670.99,4690.29,6337.05,14698.33,5,6,27,1,14612.23,14527.61,14579.18,14637.485714285713,14709.714333333333,1973,VALIDATION
2026-06-28,3642.38,4677.83,6309.49,14629.7,6,6,28,1,14698.33,14688.3,14633.22,14661.874285714284,14686.573333333332,1974,VALIDATION
2026-06-29,3629.81,4641.69,6280.92,14552.42,0,6,29,0,14629.7,14670.96,14565.63,14653.502857142857,14664.131666666666,1975,VALIDATION
2026-06-30,3638.38,4668.96,6327.77,14635.11,1,6,30,0,14552.42,14605.22,14663.86,14636.56857142857,14638.571666666667,1976,VALIDATION
2026-07-01,3621.58,4686.79,6312.32,14620.69,2,7,1,0,14635.11,14694.38,14656.87,14640.83857142857,14618.902,1977,TEST
2026-07-02,3635.52,4657.41,6308.44,14601.37,3,7,2,0,14620.69,14663.7,14549.04,14630.31142857143,14620.766666666666,1978,TEST
2026-07-03,3698.49,4649.13,6281.65,14629.27,4,7,3,0,14601.37,14612.23,14649.98,14621.407142857142,14620.967333333334,1979,TEST
2026-07-04,3645.7,4625.43,6327.43,14598.56,5,7,4,1,14629.27,14698.33,14527.61,14623.841428571428,14623.520333333336,1980,TEST
2026-07-05,3636.4,4659.89,6339.76,14636.05,6,7,5,1,14598.56,14629.7,14688.3,14609.58857142857,14622.244333333334,1981,TEST
2026-07-06,3658.54,4676.25,6325.07,14659.86,0,7,6,0,14636.05,14552.42,14670.96,14610.495714285715,14622.084,1982,TEST
2026-07-07,3640.76,4647.63,6352.73,14641.12,1,7,7,0,14659.86,14635.11,14605.22,14625.844285714285,14619.779666666667,1983,TEST
2026-07-08,3662.7,4664.8,6315.77,14643.27,2,7,8,0,14641.12,14620.69,14694.38,14626.702857142856,14618.275,1984,TEST
2026-07-09,3630.28,4622.31,6253.21,14505.8,3,7,9,0,14643.27,14601.37,14663.7,14629.92857142857,14619.372666666666,1985,TEST
2026-07-10,3638.32,4637.87,6325.6,14601.79,4,7,10,0,14505.8,14629.27,14612.23,14616.275714285715,14618.846666666668,1986,TEST
2026-07-11,3628.86,4669.66,6351.26,14649.78,5,7,11,1,14601.79,14598.56,14698.33,14612.35,14619.967,1987,TEST
2026-07-12,3667.8,4622.13,6377.98,14667.91,6,7,12,1,14649.78,14636.05,14629.7,14619.667142857144,14621.244666666667,1988,TEST
2026-07-13,3656.69,4588.1,6333.36,14578.15,0,7,13,0,14667.91,14659.86,14552.42,14624.218571428572,14624.373666666665,1989,TEST
2026-07-14,3645.96,4604.09,6250.89,14500.94,1,7,14,0,14578.15,14641.12,14635.11,14612.545714285716,14624.339333333333,1990,TEST
2026-07-15,3687.69,4605.89,6305.36,14598.94,2,7,15,0,14500.94,14643.27,14620.69,14592.520000000002,14619.93,1991,TEST
2026-07-16,3637.14,4677.55,6277.08,14591.77,3,7,16,0,14598.94,14505.8,14601.37,14586.187142857143,14621.040333333334,1992,TEST
2026-07-17,3679.62,4677.42,6317.02,14674.06,4,7,17,0,14591.77,14601.79,14629.27,14598.468571428572,14618.637333333336,1993,TEST
2026-07-18,3650.37,4668.82,6296.54,14615.73,5,7,18,1,14674.06,14649.78,14598.56,14608.792857142858,14619.210333333334,1994,TEST
2026-07-19,3645.53,4630.5,6330.23,14606.26,6,7,19,1,14615.73,14667.91,14636.05,14603.92857142857,14621.433333333332,1995,TEST
2026-07-20,3671.04,4724.93,6337.54,14733.51,0,7,20,0,14606.26,14578.15,14659.86,14595.121428571429,14619.976,1996,TEST
